GID_0,GID_0GHSL,Tot_Pop,UCentre_Pop,UCluster_Pop,Rural_Pop,UCentre_share,UCluster_share,Urban_share,Rural_share,DEGURBA_L1,DUC_Pop,SDUC_Pop,SUrb_Pop,RC_Pop,LDR_Pop,VLDR_Pop,DUC_share,SDUC_share,SUrb_share,RC_share,LDR_share,VLDR_share,DEGURBA_L2
ABW,ABW,65639.4742234917,0,58848.2356115678,6791.23861192382,0,0.896537278942839,0.896537278942839,0.103462721057161,2,5342.3509703204,15891.9875354329,37613.8971058145,0,6216.6015558691,574.637056054722,0.0813893016895683,0.242110219855255,0.573037757398016,0,0.0947082777461408,0.00875444331102009,21
AFG,AFG,10698382.7629938,2814643.45495014,3526860.79085291,4356878.51719074,0.263090554647767,0.329662984488878,0.592753539136645,0.407246460863355,2,1658643.92325669,406062.191340522,1462154.67625569,1867858.59874813,2084736.54115198,404283.377290625,0.15503688361142,0.0379554742372007,0.136670626640258,0.174592612746026,0.194864643314425,0.0377892048029035,21
AGO,AGO,11823953.7755606,5457165.19013607,2445773.60712677,3921014.9782978,0.461534719580491,0.206849050119092,0.668383769699583,0.331616230300417,2,1617223.5481821,175172.147017965,653377.911926704,1228420.26080581,1586046.96717961,1106547.75031238,0.136775192027966,0.0148150229900285,0.0552588351010975,0.103892512109179,0.134138461405175,0.0935852567860633,23
AIA,AIA,8108.68627701152,0,0,8108.68627701152,0,0,0,1,1,0,0,0,1366.53838536167,6092.48041370045,649.667477949406,0,0,0,0.168527716904754,0.751352340634129,0.0801199424611162,12
ALA,ALA,25269.2446427729,0,10405.7506792294,14863.4939635436,0,0.411795082375185,0.411795082375185,0.588204917624815,1,0,6935.52324537933,3470.22743385006,0,6433.73775705462,8429.75620648894,0,0.274465000573846,0.137330081801339,0,0.254607442684073,0.333597474940742,12
ALB,ALB,3292767.25422678,588284.20424614,1129791.51722366,1574691.53275698,0.178659516092729,0.343113080881559,0.521772596974288,0.478227403025712,2,506402.215347942,61456.2327946881,561933.069081032,436535.282885434,1010407.16365727,127749.086214267,0.153792289660891,0.0186640075200576,0.17065678370061,0.132573986917865,0.306856539088896,0.0387968770189516,21
AND,AND,53570.9898283035,0,42753.605802916,10817.3840253875,0,0.798073844443467,0.798073844443467,0.201926155556533,2,27831.4942208529,3488.38739444315,11433.72418762,2001.27240856737,6879.75539313396,1936.35622368613,0.519525480302932,0.0651170979969483,0.213431266143586,0.0373573909121617,0.128423152440972,0.0361456122033998,23
ARE,ARE,1877605.75051742,951009.694894493,632866.355682133,293729.69994079,0.506501268774034,0.337060299004587,0.843561567778621,0.156438432221379,3,221161.051097689,48404.930365955,363300.374218489,67340.0825677719,144088.16319633,82301.4541766889,0.117788865440332,0.0257801353413068,0.193491298222949,0.035864868090234,0.0767403716976382,0.0438331924335068,30
ARG,ARG,32632990.5156627,19110571.5589658,7438124.871207,6084294.08548981,0.58562121512564,0.227932676523684,0.813553891649324,0.186446108350676,3,4003741.00097085,693713.168888998,2740670.70134715,1732958.35416984,2234069.56032381,2117266.17099616,0.122689981448351,0.0212580323754282,0.0839846626999057,0.0531044910927818,0.0684604605652533,0.0648811566926404,30
ARM,ARM,3557971.26565814,1445878.62991807,1319152.76650091,792939.869239153,0.406377264446688,0.37075981451382,0.777137078960507,0.222862921039492,2,708292.239429316,165458.280549852,445402.246521743,481649.345063614,273046.747951464,38243.7762240745,0.199071939187879,0.0465035460367178,0.125184329289223,0.135371904127652,0.0767422577542815,0.010748759157559,23
ASM,ASM,46748.7796412378,0,37276.5961133116,9472.18352792622,0,0.797381159452328,0.797381159452328,0.202618840547672,2,0,25040.0733137336,12236.522799578,1096.45518337935,7752.90062669059,622.827717856271,0,0.535630523532326,0.261750635920002,0.0234541990570413,0.165841775682453,0.0133228658081775,22
ATA,ATA,0,0,0,0,0,0,0,0,1,0,0,0,0,0,0,0,0,0,0,0,0,11
ATF,ATF,0,0,0,0,0,0,0,0,1,0,0,0,0,0,0,0,0,0,0,0,0,11
ATG,ATG,63112.3725262886,0,39901.0022705698,23211.3702557188,0,0.632221554560472,0.632221554560472,0.367778445439528,2,22666.315029487,0,17234.6872410828,6026.74760749727,14940.2847555988,2244.33789262275,0.359142179610593,0,0.273079374949878,0.0954923316341325,0.236725132609706,0.0355609811956902,21
AUS,AUS,17024186.0464743,7980352.04428837,5230162.15506191,3813671.84712405,0.468765556397399,0.30721951350767,0.775985069905069,0.224014930094932,2,1385473.79477071,654923.64766039,3189764.71263081,942357.957252156,1543905.29249945,1327408.59737244,0.0813826746834475,0.0384701885818514,0.187366650242371,0.0553540683049171,0.090688934453885,0.0779719273361294,23
AUT,AUT,7677523.03330543,2262860.37371221,1732870.70906935,3681791.95052387,0.294738337338204,0.225707002317294,0.520445339655498,0.479554660344502,2,591791.759943964,259989.275093629,881089.674031753,845960.112602598,2252383.81588887,583448.022032409,0.0770810790637483,0.0338636919701554,0.11476223128339,0.110186593896597,0.293373762099824,0.0759943043480803,21
AZE,AZE,7382055.85637883,2523744.17102613,2877812.40448679,1980499.28086591,0.341875518165494,0.389838882348753,0.731714400514247,0.268285599485753,2,1520095.19282388,309574.789286736,1048142.42237617,797762.412917952,1003118.37325688,179618.494691074,0.205917595639752,0.04193612122553,0.141985165483471,0.108067783343661,0.135886044859724,0.0243317712823678,23
BDI,BDI,5484039.59802201,323949.99098784,2855122.42676889,2304967.18026527,0.0590714171912039,0.520623962634895,0.579695379826099,0.420304620173901,2,1189732.88048419,249785.187975793,1415604.35830891,719078.135716617,1443158.1498335,142730.894715156,0.216944618874253,0.0455476630886994,0.258131680671943,0.131121980952868,0.263156041096789,0.0260265981242434,21
BEL,BEL,9959787.55362188,2867218.74006993,4616577.39726325,2475991.4162887,0.287879507934611,0.463521673771488,0.751401181706099,0.248598818293901,2,1544854.61808289,603833.457252574,2467889.32192779,665319.328864905,1612779.48920539,197892.598218407,0.155109193822222,0.0606271422961215,0.247785337653145,0.0668005542570998,0.161929105467606,0.0198691585691949,22
BEN,BEN,5119841.10239374,1234715.6693104,2024117.72005189,1861007.71303144,0.241162888577366,0.395347761692357,0.636510650269723,0.363489349730276,2,1156069.40023429,200743.48285504,667304.836962564,759162.072442481,675866.62798926,425979.0125997,0.225801812422221,0.039208928332011,0.130337020938125,0.148278444049278,0.132009297646613,0.0832016080343856,22
BES,BES,12544.7627386078,0,6031.38152840734,6513.38121020049,0,0.480788808372208,0.480788808372208,0.519211191627792,1,0,0,6031.38152840734,1222.58746402431,4601.05334187159,689.740404304583,0,0,0.480788808372208,0.0974579981701584,0.366770853920686,0.0549823395369475,13
BFA,BFA,9099424.90870455,866235.584794561,2508848.08830598,5724341.23560402,0.0951967397374658,0.275715016440874,0.37091175617834,0.62908824382166,1,1638989.91229402,215382.191196144,654475.984815812,1452708.71119648,2688718.54761948,1582913.97678805,0.180120164597013,0.0236698685199444,0.0719249833239173,0.159648409187575,0.295482250207642,0.173957584426443,13
BGD,BGD,106964000.391428,32983870.3945284,67952274.2688642,6027855.72803588,0.308364218557887,0.635281721141663,0.94364593969955,0.0563540603004496,2,17469939.4367807,8859276.25205516,41623058.5800282,608072.0582131,5170638.87854386,249144.791278914,0.163325412034428,0.0828248403166969,0.389131468790538,0.00568482906387099,0.0483399915824223,0.00232923965415638,22
BGR,BGR,8748299.26851724,2739693.99156856,2613184.64608871,3395420.63085997,0.313168755146269,0.298707733455445,0.611876488601714,0.388123511398286,2,1566681.69211421,299166.307618272,747336.646356226,1521546.78575045,1535055.19174528,338818.653364236,0.179084144703677,0.0341970820196893,0.0854265067320786,0.173924866885394,0.17546898484252,0.0387296596703719,22
BHR,BHR,512011.12659015,345525.142097675,152919.915242222,13566.0692502528,0.674839127811099,0.298665218978005,0.973504346789104,0.026495653210896,3,68368.8354259273,4778.13719806913,79772.9426182256,1698.59621016309,9659.99597882153,2207.47706126818,0.133529979868298,0.00933209641339278,0.155803142696314,0.00331749862835064,0.0188667696406412,0.0043113849419042,30
BHS,BHS,269117.079428235,150178.447840827,53344.8514222743,65593.7801651345,0.558041311089935,0.198221723926294,0.756263035016229,0.243736964983771,3,9717.34379239194,2657.39391947072,40970.1137104116,10948.7514064838,39963.4065892149,14681.6221694357,0.0361082388863514,0.00987449003651721,0.152238995003425,0.0406839708194867,0.148498217482595,0.0545547766816889,30
BIH,BIH,4485135.67001408,939171.516456488,1306027.61739786,2239936.53615973,0.209396456552125,0.291190214407441,0.500586670959566,0.499413329040434,2,562711.955516742,111484.85230252,631830.809578601,293494.590518724,1671271.86371289,275170.081928119,0.125461523779274,0.0248565172839397,0.140872173344227,0.0654371711609345,0.372624595257258,0.0613515626222418,21
BLM,BLM,5131.0322977826,0,0,5131.0322977826,0,0,0,1,1,0,0,0,3470.50947052473,1604.77948845876,55.7433387991041,0,0,0,0.676376461716004,0.312759576499309,0.0108639617846868,13
BLR,BLR,10430844.1674438,4688249.69767556,2275111.48571605,3467482.9840522,0.449460237581563,0.218113840950381,0.667574078531944,0.332425921468056,2,1155881.82436458,270425.802352205,848803.858999269,380599.664716435,2277627.79613321,809255.523202557,0.110813833071369,0.0259255912571529,0.0813744166218597,0.0364879063100513,0.21835507841657,0.0775829367414348,23
BLZ,BLZ,180302.973221008,0,85618.240748025,94684.7324729827,0,0.474857620029803,0.474857620029803,0.525142379970197,1,53258.5927926945,8869.21039739018,23490.4375579404,23320.1715484052,44106.8089679177,27257.7519566598,0.29538388547488,0.0491905942478202,0.130283140307103,0.129338807518278,0.244626076763878,0.151177495688041,13
BMU,BMU,57164.5262236859,0,52611.6938712191,4552.83235246688,0,0.920355635684768,0.920355635684768,0.0796443643152321,2,22328.2400716292,10495.2791951811,19788.1746044088,3130.00023944397,1408.21324927872,14.6188637441956,0.390596083736587,0.183597764006875,0.346161787941306,0.0547542408940155,0.0246343902819793,0.000255733139237289,22
BOL,BOL,7123196.79954165,2605790.83328884,1471059.2439155,3046346.7223373,0.365817610634668,0.206516720696269,0.572334331330937,0.427665668669062,2,743976.29672939,90930.509458974,636152.437727136,595367.227957658,1488448.05918159,962531.435198056,0.104444158664444,0.0127654074452674,0.0893071545865573,0.0835814655571453,0.208957873981155,0.135126329130762,21
BRA,BRA,150661945.647895,67065456.6374656,45228712.320551,38367776.6898786,0.445138660257323,0.300199975023905,0.745338635281227,0.254661364718773,2,26613773.219271,4496098.74221179,14118840.3590683,10694543.2975076,13953260.13832,13719973.2540509,0.176645622786983,0.0298422984176735,0.0937120538192485,0.0709837062804254,0.0926130356163695,0.0910646228219778,23
BRB,BRB,258630.93887397,126239.893369586,100411.677153633,31979.3683507517,0.488108243813406,0.388243098798643,0.876351342612049,0.123648657387951,2,22620.456258002,18669.2867893339,59121.9341062966,8429.47988061793,21562.9553256342,1986.93314449955,0.0874622980393883,0.0721850482027264,0.228595752556528,0.0325926972129409,0.0833734564763026,0.00768250369870781,23
BRN,BRN,261482.099365451,0,185978.354598952,75503.7447664991,0,0.711246984211435,0.711246984211435,0.288753015788565,2,37156.765740037,46613.1073426399,102208.481516275,23570.4046509578,43601.0010976358,8332.33901790553,0.142100609679235,0.17826500343908,0.39088137109312,0.0901415611552647,0.166745644170076,0.0318658104632246,21
BTN,BTN,596968.346650965,58738.4942349941,86967.930587298,451261.921828673,0.0983946545315529,0.145682649800771,0.244077304332324,0.755922695667676,1,36963.4922809675,15355.9559736997,34648.4823326308,80408.3332262617,288213.56581811,82640.022784301,0.0619186804264168,0.0257232331661263,0.0580407362082282,0.134694466930044,0.482795390132507,0.138432838605124,12
BVT,BVT,0,0,0,0,0,0,0,0,1,0,0,0,0,0,0,0,0,0,0,0,0,11
BWA,BWA,1341881.13351622,53771.7834388262,805331.366487287,482777.983590109,0.0400719423619321,0.600151046447029,0.640222988808962,0.359777011191038,2,421501.701378608,77183.3638829381,306646.301225741,173042.436781388,183450.821099521,126284.7257092,0.314112547565311,0.0575187786422552,0.228519720239463,0.128955115665091,0.136711677746607,0.0941102177793406,21
CAF,CAF,2810273.27084481,551686.4097344,797554.189909125,1461032.67120128,0.196310592090055,0.283799514511046,0.480110106601101,0.519889893398899,1,582956.714262424,58647.8178942762,155949.657752424,595369.055191773,658298.801982582,207364.814026926,0.207437732234196,0.0208690800651731,0.0554927022116763,0.211854505883265,0.234247255885079,0.0737881316305546,13
CAN,CAN,27354864.6162413,11238950.8683596,8227971.11619355,7887942.63168811,0.410857484620368,0.300786395093631,0.711643879714,0.288356120286,2,2919725.66098874,1158590.59751821,4149654.8576866,1777592.10654798,3353707.05897918,2756643.46616096,0.106735153032167,0.0423540972975726,0.151697144763891,0.0649826687679008,0.122600024018689,0.10077342749941,23
CCK,CCK,511.516451768694,0,0,511.516451768694,0,0,0,1,1,0,0,0,0,473.040599925909,38.4758518427843,0,0,0,0,0.924780812601932,0.0752191873980683,12
CHE,CHE,6676865.7850276,1784075.49082382,2821538.51426336,2071251.77994042,0.267202539075218,0.422584279077537,0.689786818152755,0.310213181847245,2,1158039.62672985,348914.84889474,1314584.03863877,646544.449999855,1169864.97523472,254842.354705837,0.173440602823959,0.0522572806056933,0.196886395647885,0.0968335250125418,0.17521169556202,0.0381679612726832,21
CHL,CHL,13203499.0790035,7058321.73992167,2492940.20990305,3652237.12917882,0.534579636631774,0.188809056976978,0.723388693608752,0.276611306391249,3,1348639.0390084,200770.02631509,943531.144579559,575244.921180597,2102814.85481247,974177.353185747,0.102142548042665,0.0152058196932326,0.0714606892410801,0.0435676117170609,0.159261938235479,0.0737817564387082,30
CHN,CHN,1159721649.81151,336695881.789912,578964380.319086,244061387.702514,0.290324735978357,0.499227017459908,0.789551753438265,0.210448246561734,2,235227624.53125,62850980.043732,280885775.744104,97246441.5454387,130830646.663162,15984299.4939132,0.202831105696337,0.0541948837929748,0.242201027970596,0.0838532604450765,0.112812110289073,0.0137828758275842,22
Z02,CHN,156.760057449341,0,0,156.760057449341,0,0,0,1,1,0,0,0,0,113.4075756073,43.352481842041,0,0,0,0,0.723446887252826,0.276553112747174,12
Z03,CHN,5438.24743833393,0,0,5438.24743833393,0,0,0,1,1,0,0,0,3167.90339351445,1733.62178145722,536.722263362259,0,0,0,0.582522849398883,0.318783174380225,0.0986939762208926,13
Z08,CHN,242.048734080046,0,0,242.048734080046,0,0,0,1,1,0,0,0,0,152.726614683867,89.3221193961799,0,0,0,0,0.630974647582165,0.369025352417835,12
CIV,CIV,11898368.3913625,3456807.30320608,3090842.72658996,5350718.36156645,0.290527842936475,0.25977030000464,0.550298142941115,0.449701857058885,2,2289295.96248057,282805.607824579,518741.156284809,2895421.71329433,1614936.78789515,840359.860376969,0.192404192506131,0.0237684360176542,0.0435976714808549,0.243346114194635,0.135727583377524,0.070628159486726,22
CMR,CMR,11415900.960627,4630645.48415325,3124660.68724822,3660594.78922551,0.405631189349327,0.273711264491962,0.67934245384129,0.32065754615871,2,1845430.22446132,220007.405174824,1059223.05761208,965821.835424518,1890852.4305313,803920.523269693,0.16165436533009,0.0192720141786112,0.0927848849832613,0.0846032072944222,0.165633219581423,0.0704211192828656,23
COD,COD,36019457.1023485,12965340.7698455,8566631.93279291,14487484.39971,0.359953808659714,0.237833455080986,0.5977872637407,0.402212736259299,2,5617200.73355459,655629.41396707,2293801.78527125,4623576.4518235,7598310.70846951,2265597.23941703,0.15594906712762,0.0182020903897611,0.0636822975636046,0.128363302053268,0.210950173037841,0.0628992611681899,23
COG,COG,2386337.72202427,2044986.32480824,135242.146159028,206109.251056998,0.856955956373825,0.0566735147799221,0.913629471153747,0.0863705288462528,3,55463.0770776086,14029.6353360866,65749.433745333,66870.9459845739,63112.6781008447,76125.6269715797,0.0232419227864196,0.00587914912738572,0.0275524428661168,0.0280224150032917,0.0264475046923818,0.0319006091505792,30
COK,COK,16945.1059051051,0,0,16945.1059051051,0,0,0,1,1,0,0,0,8204.49999942165,8093.40009802463,647.205807658844,0,0,0,0.484181098977366,0.477624639429742,0.038194261592892,12
COL,COL,32516174.0138185,16173369.0313744,7155570.12326277,9187234.85918126,0.497394589674086,0.22006187198475,0.717456461658836,0.282543538341164,2,4883508.80535455,494444.168406703,1777617.14950151,2259975.7453449,4604502.58377599,2322756.53006036,0.150187067004845,0.0152060992230076,0.0546687057568973,0.0695031261791278,0.141606530393742,0.0714338817682934,23
COM,COM,430883.045741937,188558.230034153,113567.454729877,128757.360977907,0.437608840490521,0.263569095726023,0.701177936216544,0.298822063783456,2,41943.0982413804,14761.5617045279,56862.7947839687,92839.3604362721,32353.6175327044,3564.38300893048,0.0973421875283086,0.0342588594524763,0.131968048745238,0.215463015669164,0.0750867732031431,0.00827227491114898,23
CPV,CPV,363466.62621124,80546.280089438,163559.182819797,119361.163302006,0.221605710898546,0.449997801791956,0.671603512690502,0.328396487309498,2,71205.4867691249,36037.7007366399,56315.9953140318,61030.9254070919,45090.1321263917,13240.105768522,0.195906533459118,0.09914995803685,0.154941310295988,0.167913423147747,0.124055769841675,0.0364272943200762,22
CRI,CRI,3157254.64906883,1278419.59585678,849629.862486884,1029205.19072517,0.404914946038269,0.269104002345033,0.674018948383302,0.325981051616698,2,385795.284533986,90301.0383082954,373533.539644603,220426.28376885,554847.111277646,253931.795678671,0.122193274669108,0.0286011260874785,0.118309601588446,0.0698158078043721,0.175737206196303,0.0804280376160228,23
CUB,CUB,10620898.086474,4907569.22850627,3944023.83006465,1769305.02790312,0.462067255381743,0.371345605423656,0.833412860805399,0.166587139194601,2,3116082.0639082,151540.988202033,676400.777954416,876180.197862325,693341.002462927,199783.827577871,0.293391579369037,0.0142681896547923,0.0636858363998264,0.0824958671788933,0.0652808262368992,0.0188104457788085,23
CUW,CUW,155037.580101366,0,133723.630836061,21313.9492653051,0,0.862523981273639,0.862523981273639,0.137476018726361,2,52786.6631326852,8667.32866622321,72269.6390371524,6023.3881839558,13746.7959081556,1543.76517319366,0.340476567669416,0.0559046952394148,0.466142718364808,0.0388511493795093,0.0886675082207019,0.00995736112614972,21
CXR,CXR,839.692339494679,0,0,839.692339494679,0,0,0,1,1,0,0,0,0,738.343169922766,101.349169571913,0,0,0,0,0.879302019555276,0.120697980444724,12
CYM,CYM,25781.6646967189,0,11428.7541663388,14352.9105303801,0,0.443290000889403,0.443290000889403,0.556709999110597,1,6184.0817517126,0,5244.67241462623,7363.91701998,5288.70143547939,1700.29207492073,0.239863555145049,0,0.203426445744354,0.28562612641988,0.205134210598606,0.0659496620921112,13
CYP,CYP,530695.571228792,212354.368474691,159151.137373262,159190.065380839,0.400143472053098,0.299891587572056,0.700035059625154,0.299964940374846,2,56273.8133163936,8967.55963678006,93909.7644200881,53023.0581008483,81480.8093144809,24686.1979655102,0.106037842347346,0.01689774726406,0.17695599796065,0.0999123809872328,0.153535875805063,0.0465166835825497,23
CZE,CZE,10306921.2188717,2632191.26218133,3585305.61930978,4089424.33738054,0.255380943182322,0.347854179068061,0.603235122250383,0.396764877749616,2,2032812.42640033,333118.715847084,1219374.47706237,1268308.58931805,2325496.93078473,495618.817277761,0.197227899896849,0.0323199051174616,0.118306374053751,0.123054068463802,0.22562478953723,0.0480860197485839,21
DEU,DEU,79423184.1268141,25943506.5455547,30871336.8351297,22608340.7461297,0.326649036182319,0.388694273272119,0.715343309454438,0.284656690545561,2,14379988.6131617,3467530.35898737,13023817.8629806,9091683.72211685,11078287.8776755,2438369.14633731,0.181055302318293,0.0436589189555886,0.163980051998238,0.114471408091626,0.139484308007432,0.0307009744465042,23
DJI,DJI,574101.492961938,348361.445166707,148807.183040708,76932.8647545222,0.606794180885022,0.259200132493949,0.865994313378971,0.134005686621029,3,126123.907506384,4434.97280714661,18248.3027271777,10747.4333556294,27354.7235713657,38830.7078275271,0.21968921706801,0.00772506753860792,0.0317858478873309,0.0187204413982285,0.0476478878851815,0.0676373573376189,30
DMA,DMA,68819.8144615475,0,21339.3230130604,47480.4914484872,0,0.310075276721118,0.310075276721118,0.689924723278882,1,15662.2658518966,2659.61702122469,3017.44013993908,30677.7009294005,13490.4985233201,3312.29199576657,0.227583668663445,0.0386460940360531,0.0438455140216201,0.445768434126503,0.196026371603454,0.0481299175489246,13
DNK,DNK,5134470.02957249,1210219.89790516,1918542.17130975,2005707.96035758,0.235704929804786,0.373659240439562,0.609364170244348,0.390635829755652,2,966692.322442226,204639.157921785,747210.690945742,642017.634547262,821997.204789759,541693.121020555,0.188274995642095,0.0398559455490333,0.145528299248434,0.125040682066406,0.160093875328005,0.105501272361241,21
DOM,DOM,7126945.69378404,3457652.82868003,2204926.2362537,1464366.6288503,0.485152122275285,0.309378846281485,0.79453096855677,0.20546903144323,2,1560500.77906483,108567.86315651,535857.594032366,554381.149568836,694594.10184046,215391.377441005,0.218957860226978,0.0152334348851852,0.075187551169322,0.0777866386792248,0.0974602770505561,0.0302221157134486,23
DZA,DZA,25501259.5420411,7084629.66184773,10043662.2853755,8372967.59481783,0.277814891855365,0.39384965549712,0.671664547352485,0.328335452647515,2,5345755.51780329,922756.567136393,3775150.20043585,2626846.71403527,4371688.15574435,1374432.72503821,0.209627117005352,0.0361847447423194,0.148037793749449,0.10300850864659,0.17143028361157,0.053896660389356,22
ECU,ECU,10448800.8750188,4559489.82135691,2668135.99535784,3221175.058304,0.436364887788976,0.255353320182116,0.691718207971092,0.308281792028908,2,1248973.87107215,217285.014823376,1201877.10946231,616178.296196234,1853371.47963838,751625.282469389,0.119532746964126,0.0207952106105177,0.115025362607473,0.0589711971322382,0.177376476191585,0.0719341187050845,23
EGY,EGY,57204813.887838,28405992.2344315,25365351.9296414,3433469.72376505,0.496566465369984,0.443412891428605,0.939979356798588,0.060020643201411,2,17114313.100824,713217.01371088,7537821.81510658,893074.965930916,2079953.00751606,460441.750318068,0.299176099661476,0.0124677796366804,0.131769012130449,0.015611884826371,0.0363597548205339,0.00804900355450609,23
ERI,ERI,2142151.04468283,1003103.87078343,441395.402865188,697651.771034207,0.468269440324155,0.20605241818069,0.674321858504845,0.325678141495155,2,326999.584558465,8732.87494574487,105662.943360979,238519.362861261,281804.147820959,177328.260351988,0.152650106242569,0.00407668495992442,0.0493256269781963,0.11134572580832,0.131551950326026,0.082780465360809,23
ESH,ESH,178253.206145896,0,151961.0872289,26292.1189169964,0,0.8525012846306,0.8525012846306,0.147498715369399,2,75223.198851622,33205.1350339951,43532.7533432824,10494.4681529999,11510.7763900846,4286.87437391194,0.422001940262739,0.186280716919153,0.244218627448708,0.0588739376974258,0.0645754241338204,0.0240493535381531,22
ESP,ESP,38855009.8401359,17908162.4842634,10907333.2688354,10039514.0870371,0.460897129043187,0.280718839442126,0.741615968485313,0.258384031514687,2,6137016.30048296,903170.351977258,3867146.61637514,2912234.7137528,4852888.63647646,2274390.73680789,0.157946589789398,0.0232446306330442,0.0995276190196845,0.0749513312629393,0.124897372473796,0.0585353277779515,23
EST,EST,1567967.43929923,607081.126047451,473198.979493475,487687.3337583,0.387177125514019,0.301791330376709,0.688968455890727,0.311031544109272,2,243791.810993974,53509.1424924778,175898.026007023,106447.003630053,194495.228954505,186745.101173742,0.155482700012529,0.0341264372915758,0.112182193072604,0.0678885294184601,0.124042900432569,0.119100114258243,23
ETH,ETH,47844947.6607753,11934403.2526175,15747554.9946505,20162989.4135073,0.249439153685222,0.329137260349869,0.578576414035091,0.421423585964908,2,13115630.7333977,516368.308865977,2115555.95238677,3970065.37901986,10766348.1256996,5426575.90878783,0.274127810242131,0.0107925357663064,0.0442169143414313,0.0829777348105375,0.225025810500074,0.113420040654297,23
FIN,FIN,4909508.38975402,943144.701539273,1715150.33178785,2251213.3564269,0.192105731707799,0.349352765211137,0.541458496918936,0.458541503081064,2,543102.399816904,197818.650205838,974229.281765103,387984.013107236,962511.904015922,900717.439303748,0.110622562729568,0.040292965099862,0.198437237381707,0.0790270598003142,0.19605056710457,0.18346387617618,21
FJI,FJI,774577.637628441,116768.348312804,250918.496789412,406890.792526225,0.150750993367584,0.323942345608712,0.474693338976296,0.525306661023704,1,87102.890146873,46318.6476645686,117496.958977971,88961.1624884163,269527.496835553,48402.1332022557,0.112452110563842,0.0597985862416381,0.151691648803232,0.114851188785662,0.347967051644787,0.0624884205932547,13
FLK,FLK,2316.31917335035,0,0,2316.31917335035,0,0,0,1,1,0,0,0,971.226736098528,981.835898180492,363.256539071328,0,0,0,0.41929745575336,0.423877637191232,0.156824907055408,12
FRA,FRA,56400100.4180107,20591970.9548127,14737743.8913756,21070385.5718224,0.365105217937465,0.261307050557472,0.626412268494937,0.373587731505063,2,6355565.09369103,1687428.80807316,6694749.98961141,5209465.61734341,10628955.7014653,5231964.25301361,0.112687123721174,0.0299188972283159,0.118701029607981,0.0923662472005073,0.188456325834326,0.0927651584702293,22
FRO,FRO,44835.7804870068,0,12977.3212083578,31858.459278649,0,0.289441179954893,0.289441179954893,0.710558820045107,1,10724.5621682405,0,2252.75904011726,19251.1393635172,9742.27524599293,2865.04466913882,0.239196508943309,0,0.0502446710115842,0.429370006597658,0.217287959307772,0.0639008541396775,13
FSM,FSM,94661.5283563535,0,27048.3972791004,67613.131077253,0,0.2857380157362,0.2857380157362,0.7142619842638,1,0,10736.5667110917,16311.8305680088,32472.4406488524,32931.096374611,2209.59405378964,0,0.11342059332355,0.17231742241265,0.343037358604753,0.34788257644269,0.0233420492163577,13
GAB,GAB,976911.962368716,384919.196277657,348214.728976589,243778.03711447,0.394016258480799,0.356444329059369,0.750460587540169,0.249539412459831,2,192207.310407889,26553.4013573914,129454.017211308,64690.9753740425,123342.855829224,55744.2059112035,0.196749879018622,0.0271809562992835,0.132513493741464,0.0662198620407784,0.126257903045997,0.0570616473730557,23
GBR,GBR,57187076.7472112,30624754.2513683,17841959.2522134,8720363.24362946,0.535518791889669,0.311992853404305,0.847511645293974,0.152488354706026,3,9857527.28806132,1204536.10090506,6779895.86324702,2980722.37287193,3782545.70026863,1957095.1704889,0.17237333762723,0.0210630822454795,0.118556433531596,0.0521223070388414,0.0661433651695283,0.0342226824976561,30
GEO,GEO,5389991.17120314,1792518.00152458,1761824.3108925,1835648.85878606,0.332564181385192,0.326869609788105,0.659433791173296,0.340566208826704,2,912702.800320215,144027.560501484,705093.9500708,475099.72308265,1177467.62758798,183081.508115428,0.169332893381435,0.0267212980368082,0.130815418369862,0.0881448054351078,0.218454463131365,0.0339669402602308,23
GGY,GGY,57597.2367449957,0,51664.6251323707,5932.61161262495,0,0.896998329296754,0.896998329296754,0.103001670703246,2,20307.2911650203,0,31357.3339673504,1444.14074401557,4353.22851190856,135.242356700823,0.352574052379079,0,0.544424276917675,0.0250730907527616,0.075580509724484,0.00234807022600044,21
GHA,GHA,15511554.5419021,3936194.08387207,5893281.15379278,5682079.30423729,0.25375883978869,0.379928468025108,0.633687307813797,0.366312692186202,2,3711129.90949704,553999.18292844,1628152.0613673,2829043.62748616,1998627.13797957,854408.538771561,0.239249386608671,0.0357152586758403,0.104963822740596,0.182382985525011,0.128847636294646,0.0550820703665454,22
GIB,GIB,27095.9603116824,27095.9603116824,0,0,1,0,1,0,3,0,0,0,0,0,0,0,0,0,0,0,0,30
GIN,GIN,6353255.18303157,1358792.40346042,1206686.13184088,3787776.64773026,0.213873418320976,0.189931947809011,0.403805366129987,0.596194633870012,1,815642.841052077,77311.454478859,313731.836309947,1145959.6617567,2021914.75376679,619902.232206775,0.128381879454569,0.0121687941459276,0.0493812742085143,0.180373624030931,0.318248629327367,0.0975723805117139,13
GLP,GLP,391194.781421337,54681.4944560324,230320.031543228,106193.255422077,0.139780735973412,0.588760490889987,0.728541226863399,0.271458773136601,2,71544.0586036239,20939.7127422942,137836.26019731,29603.7391687264,68913.1070640017,7676.40918934904,0.182886025073446,0.0535275871171221,0.352346878699419,0.0756751893805086,0.17616059911029,0.0196229846458027,21
GMB,GMB,1037741.76472066,273632.170198277,306569.877326105,457539.717196276,0.263680406340718,0.295420197729662,0.55910060407038,0.44089939592962,2,191794.591657786,38079.6980559048,76695.5876124147,236084.452593635,192991.831305041,28463.4332976006,0.184819189299385,0.0366947725826137,0.0739062358476627,0.227498266543396,0.185972886382761,0.0274282430034628,21
GNB,GNB,955154.792962612,166216.433079337,244229.078982604,544709.280900672,0.174020414600844,0.255695810545091,0.429716225145935,0.570283774854065,1,144888.583924634,47656.7637435375,51683.7313144319,102225.246171502,341105.80652054,101378.228208629,0.151691207532166,0.0498942832037937,0.0541103198091317,0.107024795273684,0.357120970374372,0.106138009206009,13
GNQ,GNQ,463674.200488715,0,225139.117764741,238535.082723974,0,0.48555454999964,0.48555454999964,0.51444545000036,1,181092.254926849,0,44046.8628378923,56748.2068208074,156618.871316925,25168.0045862418,0.3905592649666,0,0.0949952850330396,0.12238810518462,0.3377778430455,0.0542795017702399,13
GRC,GRC,10291143.8211815,4649167.76372175,2242236.75185487,3399739.30560489,0.45176394815829,0.217880227000602,0.669644175158892,0.330355824841108,2,1372650.2518006,175063.246847601,694523.253206664,851305.503251738,1837801.34768032,710632.454672835,0.133381699415703,0.0170110582350701,0.0674874693498285,0.0827221461524577,0.178580863275636,0.0690528154130149,23
GRD,GRD,98546.5086935277,0,63816.8891809712,34729.6195125565,0,0.647581431620647,0.647581431620647,0.352418568379353,2,19418.9087458341,8270.43917334639,36127.5412617907,11845.2436618793,21900.2145334356,984.161317241495,0.197053239158634,0.0839242230190705,0.366603969442942,0.120199526283749,0.222232272089351,0.00998677000625322,21
GRL,GRL,44827.09575783,0,10865.7120947205,33961.3836631096,0,0.242391614067983,0.242391614067983,0.757608385932017,1,6397.69152019173,0,4468.02057452872,25845.4471122362,6718.71895210248,1397.21759877092,0.142719295373362,0,0.0996723186946209,0.576558589739147,0.149880754898758,0.031169041294112,13
GTM,GTM,9081652.91098006,2096442.62260243,4039665.24125339,2945545.04712425,0.230843728906194,0.444816079281039,0.675659808187233,0.324340191812767,2,2566741.38101168,257257.422724233,1215666.43751748,824509.914697531,1618869.20358439,502165.928842333,0.282629319372951,0.0283271586401632,0.133859601267925,0.0907885296629941,0.178257110181684,0.0552945519680888,23
GUF,GUF,113853.562959276,0,64627.7360952287,49225.826864047,0,0.567639118315036,0.567639118315036,0.432360881684964,2,31316.4521005638,9831.58012582734,23479.7038688376,10016.3755547227,27202.4134575347,12007.0378517895,0.27505904327092,0.0863528542303415,0.206227220813775,0.0879759516907301,0.238924568985731,0.105460361008503,21
GUM,GUM,138133.383094851,0,104852.917525969,33280.4655688815,0,0.759070075435501,0.759070075435501,0.240929924564499,2,21044.720709793,36070.2255509847,47737.9712651914,13663.1295562732,18106.5046665169,1510.83134609132,0.152350722456008,0.261126056155569,0.345593296823923,0.0989125818115328,0.131079861079518,0.0109374816734481,21
GUY,GUY,745877.110915329,204591.989325795,352154.205276143,189130.916313391,0.274297181575559,0.472134350448138,0.746431532023697,0.253568467976303,2,135849.873846482,59664.8192069698,156639.512222691,59901.9620894343,96202.6762809254,33026.2779430317,0.182134391655709,0.0799928276841074,0.210007131108321,0.0803107659597215,0.128979257940852,0.0442784440757304,22
HMD,HMD,0,0,0,0,0,0,0,0,1,0,0,0,0,0,0,0,0,0,0,0,0,11
HND,HND,5050758.96297053,1268927.784213,1073471.32530355,2708359.85345397,0.251235070514373,0.212536637201195,0.463771707715569,0.536228292284431,1,704643.035921701,88266.4494743608,280561.83990749,744037.977242777,1377951.3962713,586370.479939889,0.139512307177549,0.0174758784019359,0.0555484516217108,0.147312113426451,0.272820660493543,0.116095518364437,13
HRV,HRV,4862437.6461055,1299832.43778678,1346769.89159374,2215835.31672498,0.267321152966941,0.276974223550695,0.544295376517636,0.455704623482364,2,693132.676663751,98239.6607615706,555397.554168417,470307.061069542,1417611.36933179,327916.886323647,0.142548393853216,0.0202037882871885,0.11422204141029,0.096722486805816,0.291543351813921,0.0674387848626269,21
HTI,HTI,6915215.03261487,2017660.64023494,2713701.03625245,2183853.35612747,0.29177120750676,0.392424678546303,0.684195886053064,0.315804113946937,2,1124566.70149648,304566.49235206,1284567.84240392,625325.164746863,1415003.86395196,143524.327428648,0.162622087121309,0.0440429532437682,0.185759638181227,0.0904274359940486,0.204621816860105,0.0207548610927832,21
HUN,HUN,10375801.8896358,3343320.19139247,3338616.82504349,3693864.87319987,0.322222824505935,0.321769523026299,0.643992347532234,0.356007652467766,2,1651985.86112419,433985.369818213,1252645.59410109,1687022.60040667,1611700.37827803,395141.894515164,0.159215247042672,0.0418266823551934,0.120727593628433,0.162592021161449,0.155332609028313,0.0380830222780047,22
IDN,IDN,181725731.551685,85724619.9805849,65096724.0032817,30904387.5678182,0.471725271091859,0.358214125470545,0.829939396562403,0.170060603437597,2,23021911.105267,5490325.11413076,36584487.7838839,9415839.6675089,18477492.4282945,3011055.47201482,0.126684927383106,0.0302121502951235,0.201317047792315,0.0518134640984011,0.101677909179523,0.016569230159673,23
IMN,IMN,68709.1516846577,0,42118.1783298263,26590.9733548313,0,0.612992262269934,0.612992262269934,0.387007737730066,2,22405.4071849715,8067.32441801671,11645.4467268381,10043.884032391,11261.5504566627,5285.53886577766,0.326090580885086,0.117412662217719,0.169489019167129,0.14617971239825,0.163901753704482,0.0769262716273339,21
IND,IND,861761487.479292,276510580.779868,350355361.111833,234895545.58759,0.32086671868881,0.406557227495331,0.727423946184141,0.272576053815859,2,132918153.183171,40860982.652919,176576225.275743,112667453.482168,105497049.110812,16731042.9946099,0.154240071196458,0.0474156518324345,0.204901504466439,0.130740877979738,0.122420241149785,0.0194149346863356,22
Z01,IND,8235174.51216683,1936499.14172314,4325716.76718126,1972958.60326243,0.235149739554652,0.525273236261157,0.760422975815809,0.239577024184191,2,1395921.96097809,509368.906421619,2420425.89978155,416885.604720206,1334794.00282325,221278.995718972,0.169507271390026,0.0618528369579862,0.293913127913144,0.0506225586481853,0.162084482951903,0.026869982584103,21
Z04,IND,120.620830774307,0,0,120.620830774307,0,0,0,1,1,0,0,0,0,54.1185048818588,66.5023258924484,0,0,0,0,0.448666325165009,0.551333674834991,11
Z05,IND,9.55637359619141,0,0,9.55637359619141,0,0,0,1,1,0,0,0,0,0,9.55637359619141,0,0,0,0,0,1,11
Z07,IND,483882.435347611,0,134948.17984021,348934.255507402,0,0.278886295476433,0.278886295476433,0.721113704523567,1,89543.0075725364,7712.28307798132,37692.8891896922,90633.7070456459,191248.937370193,67051.6110915627,0.185051163322782,0.0159383406269768,0.077896791526674,0.187305222146649,0.395238436858746,0.138570045518172,12
Z09,IND,327.886423185468,0,0,327.886423185468,0,0,0,1,1,0,0,0,0,125.953783988953,201.932639196515,0,0,0,0,0.384138454911588,0.615861545088412,11
IOT,IOT,0,0,0,0,0,0,0,0,1,0,0,0,0,0,0,0,0,0,0,0,0,12
IRL,IRL,3379958.5352888,999795.804078392,748460.465376568,1631702.26583384,0.295801203961505,0.22144072406871,0.517241928030215,0.482758071969785,2,319136.312061975,104694.998406644,324629.154907949,251886.283595864,519023.898045189,860792.084192785,0.0944201855525741,0.0309752315933954,0.0960453069227406,0.074523483340408,0.153559250099156,0.254675338530221,21
IRN,IRN,55778346.6646815,28485350.4171148,14913505.6037026,12379490.6438641,0.510688324778754,0.267370879480473,0.778059204259227,0.221940795740773,3,8956306.12717056,962095.774159789,4995103.70237226,5292717.65085741,5704113.6963171,1382659.29668957,0.160569587711384,0.0172485530979171,0.0895527386711721,0.094888392491718,0.102263943580259,0.0247884596687959,30
IRQ,IRQ,17656713.7840181,8745208.32097168,4615604.0038003,4295901.45924615,0.495290824099293,0.261407873529563,0.756698697628856,0.243301302371144,2,1962907.75531625,408877.862093432,2243818.38639062,790673.52171896,2785096.83367071,720131.103856475,0.111170616419742,0.0231570759482733,0.127080181161548,0.0447803329311842,0.15773585434633,0.0407851150936307,23
ISL,ISL,240532.307961366,89446.0720907017,65733.0325555219,85353.2033151422,0.371867184283071,0.273281510964755,0.645148695247827,0.354851304752173,2,22158.4360965248,9901.94881082419,33672.6476481729,26544.0002843905,26782.2611016044,32026.9419291473,0.0921224939981198,0.0411668141163583,0.139992202850277,0.110355238800827,0.111345795201475,0.133150270749872,22
ISR,ISR,4796933.62199737,2707998.12466252,1481483.91119779,607451.586137066,0.564526911993197,0.308839777228546,0.873366689221743,0.126633310778258,3,923914.363663833,73506.8051519133,484062.742382045,227186.473130139,324417.040921307,55848.0720856207,0.192605200836431,0.0153237069645559,0.100910869427559,0.0473607706573896,0.0676300875696138,0.0116424525512543,30
ITA,ITA,56750038.8667665,19659418.1837458,22610395.1516593,14480225.5313614,0.346421228536966,0.398420787071923,0.744842015608889,0.255157984391111,2,11721974.7589274,2444304.85140326,8444115.54132864,6805714.83297353,6128049.95445922,1546460.74392861,0.206554479838286,0.043071421627425,0.148794885606212,0.119924408315411,0.10798318515422,0.0272503909214807,23
JAM,JAM,2389776.61326125,1118462.84909283,646670.943327505,624642.820840923,0.468019832015384,0.270598908592135,0.73861874060752,0.26138125939248,2,301544.169346968,81090.1878413199,264036.586139217,142928.583848694,415442.416170219,66271.8208220103,0.126180902295909,0.0339321204297245,0.110485885866501,0.059808344870211,0.173841527222613,0.0277313872996569,23
JEY,JEY,82553.7122869976,0,68660.1836661436,13893.528620854,0,0.831703163480363,0.831703163480363,0.168296836519637,2,43540.5727340789,0,25119.6109320647,1864.44815536588,11965.4367434811,63.6437220070511,0.527421136225955,0,0.304282027254407,0.0225846676510941,0.144941231738717,0.000770937129826385,23
JOR,JOR,3480367.77116246,1850263.16836392,989272.151625231,640832.451173311,0.531628635253659,0.284243567539648,0.815872202793307,0.184127797206693,3,488366.812641843,71828.9325501258,429076.406433262,242359.993539405,320444.041819369,78028.4158145372,0.140320461730608,0.0206383167736709,0.123284789035369,0.0696363170431428,0.0920718909290265,0.0224195892345237,30
JPN,JPN,123353210.291366,81837274.6153533,29478591.3333849,12037344.3426278,0.663438547096179,0.238977090776601,0.90241563787278,0.0975843621272201,3,10501833.8379206,2403747.72901803,16573009.7664462,2445675.50462987,7926274.58420591,1665394.25379201,0.0851362831426504,0.0194867058858076,0.134354101748143,0.0198266060433536,0.0642567353170921,0.0135010207667743,30
KAZ,KAZ,16871005.7345677,5131958.68010224,5930337.03860363,5808710.01586185,0.304188070399807,0.351510581639642,0.655698652039449,0.344301347960551,2,3020908.59010198,741843.863560737,2167584.58494091,2445560.94159739,2535323.29919116,827825.775073298,0.17905918814978,0.0439715257781426,0.128479867711719,0.144956440657629,0.150276950827918,0.0490679564750032,22
KEN,KEN,23204802.140292,2641694.98741633,10254257.402799,10308849.7500766,0.113842599107078,0.441902384722079,0.555744983829158,0.444255016170842,2,2657508.26012452,1428752.15928137,6167996.98339314,3542377.11541098,5265247.38336115,1501225.25130445,0.114524064633592,0.0615714002060175,0.265806919882469,0.15265707046302,0.226903351794531,0.0646945939132909,21
KGZ,KGZ,4288857.49048207,1187125.10644471,1908567.56596764,1193164.81806972,0.276792854292595,0.445006058187565,0.72179891248016,0.27820108751984,2,1046475.30093757,183442.879286734,678649.385743336,469111.312458263,523931.473742968,200122.031868489,0.243998618107487,0.0427719689203559,0.158235471159723,0.109379086038491,0.122161082504068,0.0466609189772812,23
KHM,KHM,8909177.69942151,573125.960055985,4194454.70998217,4141597.02938335,0.0643298382176392,0.470801554475058,0.535131392692697,0.464868607307303,2,895010.35811135,611653.771025379,2687790.58084544,1464721.64850951,2235445.9196026,441429.461271246,0.100459367666386,0.0686543463001187,0.301687840508554,0.1644059303705,0.250914954782837,0.0495477221539659,21
KIR,KIR,73380.7821267413,0,23240.9093220942,50139.8728046471,0,0.316716565952556,0.316716565952556,0.683283434047445,1,16253.0196311623,0,6987.88969093189,23141.0622774847,26340.2221313434,658.588395819068,0.221488776217873,0,0.0952277897346827,0.315355895737334,0.358952594506955,0.00897494380315505,13
KNA,KNA,40581.391108266,0,19013.3802150716,21568.0108931944,0,0.468524604401716,0.468524604401716,0.531475395598284,1,0,6419.61274825642,12593.7674668152,10189.2391710947,9922.7313277811,1456.04039431852,0,0.158191047003039,0.310333557398676,0.251081564550391,0.244514321879911,0.0358795091679828,13
KOR,KOR,44049785.6163167,31569602.0496277,6618193.30471297,5861990.26197606,0.716680038459343,0.150243485004874,0.866923523464217,0.133076476535783,3,2909283.36951751,491271.502256018,3217638.43293945,1221681.05465588,3979805.57669422,660503.63062595,0.0660453468459075,0.0111526422974019,0.0730454958615642,0.0277340976252868,0.0903478988833046,0.014994480027192,30
KWT,KWT,1671958.72884,1435025.70580624,182676.370083757,54256.6529500071,0.858290148586295,0.109258899117981,0.967549047704276,0.0324509522957245,3,83736.3540527595,3759.80727325752,95180.2087577401,6675.36625304946,26752.3150418881,20828.9716550696,0.0500827876958753,0.00224874406790295,0.0569273673542023,0.00399254248200301,0.0160005833759119,0.0124578264378096,30
LAO,LAO,4321428.07922867,215158.469501687,661652.967677839,3444616.64204915,0.0497887424150051,0.153109795083281,0.202898537498286,0.797101462501713,1,155228.078781302,103659.784438122,402765.104458415,1002233.24852596,1913338.64986596,529044.743657224,0.0359205512472646,0.0239873908665453,0.0932018529694712,0.231921769875862,0.442756101637464,0.122423590988388,12
LBN,LBN,3585400.30004869,1734162.95321142,1179807.83952068,671429.507316596,0.483673455705313,0.329058889046407,0.812732344751721,0.18726765524828,2,354285.729349194,205456.446683856,620065.663487627,229585.906420995,391897.853479368,49945.7474162336,0.0988134377476298,0.0573036284626478,0.17294182283613,0.0640335491738194,0.109303793351623,0.0139303127228375,23
LBR,LBR,2208540.65511575,1041292.35382223,319647.851443885,847600.449849631,0.471484349364471,0.144732609156852,0.616216958521323,0.383783041478677,2,202350.945426992,20935.671858456,96361.2341584364,219212.857346987,440801.558485081,187586.034017563,0.091622015179244,0.00947941429557192,0.0436311796820359,0.0992568811623251,0.199589515123496,0.0849366451928555,23
LBY,LBY,4235700.02553693,1343193.90748215,1609687.48774567,1282818.6303091,0.317112614062391,0.380028679566756,0.697141293629148,0.302858706370853,2,579578.264103106,169132.617387932,860976.606254635,275890.134107176,698479.464422636,308449.03177929,0.136831754045103,0.0399302633255981,0.203266662196055,0.0651344836612227,0.164902958238667,0.0728212644709633,21
LCA,LCA,142211.950734764,0,89155.2189867329,53056.7317480306,0,0.626917910387253,0.626917910387253,0.373082089612747,2,53136.3335695756,13041.2720466172,22977.6133705401,25387.9374289233,24966.6815728006,2702.1127463067,0.373641830345742,0.0917030670013115,0.161573013040199,0.178521828142797,0.175559658972441,0.0190006024975098,21
LIE,LIE,28690.7384208047,0,23358.8638153204,5331.87460548431,0,0.814160426013366,0.814160426013366,0.185839573986634,2,0,3727.11932823434,19631.7444870861,0,4767.61984721338,564.254758270923,0,0.129906706253739,0.684253719759627,0,0.166172782912977,0.0196667910736574,21
LKA,LKA,17174531.4472572,4307389.58676518,9122304.79016824,3744837.07032377,0.250800995648302,0.531153051725617,0.781954047373919,0.21804595262608,2,1870317.17285064,1027119.60949763,6224868.00781996,970017.209212216,2555045.70563338,219774.155478175,0.108900622913316,0.0598048111328048,0.362447617679496,0.0564799809643208,0.148769456301029,0.0127965153607305,21
LSO,LSO,1803436.70979858,203624.54704318,410400.149196755,1189412.01355865,0.11290917276821,0.227565595713415,0.340474768481625,0.659525231518375,1,118760.243655593,44134.7128876019,247505.19265356,311860.238055875,744044.127844965,133507.647657806,0.0658521826745209,0.0244725598895739,0.13724085314932,0.172925524007275,0.412570135565259,0.0740295719458416,13
LTU,LTU,3785186.40625298,1314014.12984973,920138.171035931,1551034.10536732,0.347146478091285,0.243089262266159,0.590235740357445,0.409764259642555,2,487535.98653859,58089.9070237903,374512.27747355,217001.209186249,836471.268495811,497561.627685256,0.128801050783972,0.0153466436759437,0.0989415678062436,0.0573290680817652,0.220985488882131,0.131449702678659,21
LUX,LUX,381471.299796644,68119.5146468543,158026.491061414,155325.294088376,0.178570484026367,0.41425525628181,0.592825740308178,0.407174259691822,2,52984.3225597083,23131.5762870726,81910.5922146332,57651.4007468174,78946.6932967618,18727.2000447966,0.138894649710092,0.0606377892633172,0.214722817308401,0.15112906469648,0.206953166172257,0.0490920288230852,21
LVA,LVA,2688588.35125143,1039417.06570622,623542.618324583,1025628.66722063,0.3866032764824,0.231921937039692,0.618525213522092,0.381474786477908,2,258576.148101328,71046.9065426504,293919.563680605,104434.712708094,495802.013060234,425391.9414523,0.0961754327251219,0.0264253568269687,0.109321147487601,0.0388436975334971,0.18440978992915,0.158221299015261,22
MAF,MAF,27970.3122790093,0,24592.9886816596,3377.32359734969,0,0.879253275270571,0.879253275270571,0.120746724729429,2,9145.65973954462,5709.55932649178,9737.76961562317,624.908012015745,2616.75579226995,135.659793063998,0.326977391182297,0.204129266399954,0.34814661768832,0.0223418317887254,0.0935547578506563,0.0048501350900471,22
MAR,MAR,24557104.7173492,10355903.6860686,6661669.93197893,7539531.09930165,0.421707029605666,0.271272611680178,0.692979641285844,0.307020358714156,2,3648181.58058491,685143.942100239,2328344.40929378,3715844.09475219,3274567.8737127,549119.130836757,0.148559108354803,0.0279000293392159,0.0948134739861595,0.151314421529791,0.133345030344692,0.0223609068396737,23
MCO,MCO,30519.9610666279,0,30519.9610666279,0,0,1,1,0,2,30516.7103066985,0,3.25075992941856,0,0,0,0.999893487415586,0,0.000106512584413914,0,0,0,23
MDA,MDA,4487112.06138855,1118309.66805477,1685150.79696599,1683651.5963678,0.249227042417278,0.375553535082543,0.624780577499822,0.375219422500178,2,901866.595334181,234692.927486437,548591.27414537,881963.424805741,692884.930448484,108803.241113571,0.200990432820859,0.0523037812017137,0.122259321059971,0.196554802451895,0.154416676242775,0.0242479438055089,22
MDG,MDG,11877581.8997824,838958.7084292,2292185.59634449,8746437.59500873,0.0706337969721403,0.192984196251805,0.263617993223945,0.736382006776055,1,964793.371959955,275173.886401052,1052218.33798349,2272406.82580634,4588392.84602751,1885637.92317487,0.0812280967709117,0.0231675006514662,0.0885885988294268,0.191318977631968,0.386306984430186,0.158756044713901,12
MDV,MDV,212277.115372786,59637.767066054,26072.3006206816,126567.04768605,0.280942987949137,0.122822003563103,0.40376499151224,0.59623500848776,1,12124.5207814326,8633.7704108702,5314.0094283788,94629.6563023123,31642.9970367211,294.394347016795,0.0571164760748723,0.0406721675848487,0.0250333599033825,0.445783598180758,0.149064570531552,0.00138683977545013,13
MEX,MEX,81700993.0712886,42246214.7501602,17915380.1624115,21539398.1587169,0.517083246629549,0.219279833560644,0.736363080190193,0.263636919809807,3,8785766.9252361,2134152.1269303,6995461.11024505,9306392.96217883,8793710.67435928,3439294.52217881,0.107535619763765,0.0261214955498538,0.0856227182470245,0.11390795402032,0.107632849293353,0.042096116496134,30
MHL,MHL,43201.1891910184,0,17654.678598145,25546.5105928734,0,0.408661866229725,0.408661866229725,0.591338133770275,1,11612.4905710598,3771.60919129755,2270.57883578772,13283.0190321403,11870.4024872184,393.089073514755,0.268800252690127,0.0873033650675911,0.0525582484720067,0.307468828540993,0.274770271594428,0.00909903363485371,13
MKD,MKD,2043125.14090097,661849.529048037,768684.519528246,612591.092324692,0.32393978998084,0.376229778656276,0.700169568637116,0.299830431362884,2,476113.473174969,30328.037154831,262243.009198446,211892.911571584,315376.138961204,85322.0417919044,0.233031968352664,0.0148439449682739,0.128353865335337,0.10371019734902,0.154359678047978,0.0417605559658862,23
MLI,MLI,8944684.86426261,1118921.90232003,1763924.28902631,6061838.67291625,0.125093496227078,0.197203626040964,0.322297122268041,0.677702877731958,1,1186203.65826108,236666.995158269,341053.635606957,2568003.62954246,2411636.60658177,1082198.43679202,0.132615477935999,0.0264589528585678,0.0381291952463966,0.287098278867555,0.269616721346682,0.120987877517721,13
MLT,MLT,363896.631984656,244916.478315549,91682.411775204,27297.7418939033,0.673038596097465,0.251946304848103,0.924984900945568,0.0750150990544323,3,34684.7590897977,8047.5071319585,48950.1455534478,9291.64387676795,16673.3970855618,1332.70093157358,0.0953148670286682,0.022114816199502,0.134516621619932,0.0255337451904741,0.0458190475537702,0.00366230631018803,30
MMR,MMR,40087607.9601112,19393791.9881392,9569497.04454622,11124318.9274258,0.483785213810632,0.238714593648697,0.722499807459329,0.277500192540671,2,6575290.95514522,601287.845565231,2392918.24383576,5284887.48632875,4905233.79952658,934197.641570462,0.164023030800139,0.0149993445895684,0.0596922182589895,0.131833445676964,0.122362846004867,0.0233039008588396,23
MNE,MNE,619174.316224594,231537.939193361,270202.088040318,117434.288990915,0.373946291256329,0.436390982248539,0.810337273504869,0.189662726495132,2,155720.169692645,26605.4229597291,87876.4953879435,28708.2723386083,65974.317001133,22751.6996511739,0.251496493979509,0.0429691966584714,0.141925291610558,0.0463654121082679,0.106552089245902,0.036745225140962,23
MNG,MNG,2161404.30062528,427263.80003312,746980.347851568,987160.152740592,0.19767879610007,0.345599547310733,0.543278343410803,0.456721656589197,2,495053.125710369,53394.6664030096,198532.555738189,526597.672069886,318630.153913265,141932.326757441,0.229042352496085,0.0247036921262546,0.0918535026883934,0.243636820708437,0.147418117851013,0.0656667180297464,21
MNP,MNP,47855.992686542,0,28266.0442803768,19589.9484061652,0,0.590647956370273,0.590647956370273,0.409352043629727,2,0,12525.9623864102,15740.0818939665,12861.6000422283,5924.08899725947,804.259366677452,0,0.26174281805114,0.328905138319134,0.268756310760747,0.123789909365425,0.0168058235035552,21
MOZ,MOZ,13303742.200222,2405614.19524224,3818250.15405485,7079877.85092487,0.180822370054803,0.28700572339647,0.467828093451274,0.532171906548726,1,2472407.33334568,318167.283808872,1027675.53690031,1516519.74647863,3015185.11484442,2548172.98960182,0.185842997867504,0.0239156230645813,0.0772471024643847,0.113991967346851,0.226641877861562,0.191538061340313,13
MRT,MRT,1995948.15521283,444019.787654348,438846.277262588,1113082.09029589,0.222460581701333,0.219868575301643,0.442329157002976,0.557670842997024,1,266781.475679956,55338.3308134265,116726.470769205,338341.824392677,465007.321693545,309732.944209672,0.133661525718091,0.0277253347833204,0.0584817148002315,0.169514335083818,0.232975651436177,0.155180856477028,13
MSR,MSR,10770.8262014205,0,9542.68316592021,1228.14303550025,0,0.885975039190746,0.885975039190746,0.114024960809254,2,0,0,9542.68316592021,0,1141.32231076894,86.8207247313112,0,0,0.885975039190746,0,0.105964230545139,0.00806073026411486,21
MTQ,MTQ,373135.135735032,131309.507470907,123247.089855063,118578.538409061,0.351908718572544,0.330301486115161,0.682210204687705,0.317789795312295,2,33173.049373135,32827.7320819995,57246.308399929,65068.8739242444,47392.3386160514,6117.32586876536,0.0889035799531127,0.087978131615327,0.153419774546722,0.174384204789684,0.127011192668024,0.0163943978545868,22
MUS,MUS,1089083.35841615,504053.946720251,464847.331261774,120182.080434121,0.462824027954386,0.426824381870825,0.889648409825211,0.110351590174789,2,185387.694268403,68472.8607301945,210986.776263177,58979.6821591015,52759.8984896121,8442.4997854078,0.170223603947095,0.0628720108530301,0.1937287670707,0.0541553423834109,0.0484443161140032,0.00775193167737474,23
MWI,MWI,9536194.68249468,522504.308267521,2692805.02283658,6320885.35139058,0.0547916989600335,0.2823773121767,0.337169011136733,0.662830988863267,1,396073.660576955,201118.377421821,2095612.98483781,2015744.66029354,3751023.57560454,554117.115492502,0.0415337221778846,0.021090003310336,0.219753586688479,0.211378304177638,0.393345951974972,0.0581067327106565,13
MYS,MYS,17504428.4621756,6230545.77950583,6296119.57802039,4977763.10464938,0.355941114728143,0.359687240953073,0.715628355681217,0.284371644318783,2,3078675.93205804,573277.253963891,2644166.39199846,1570550.02010244,2733807.85515583,673405.229391118,0.175879831707193,0.0327504125714619,0.151056996674419,0.089723010579646,0.15617807008456,0.0384705636545771,23
MYT,MYT,92601.5508576112,0,51416.6532332468,41184.8976243645,0,0.555246135265138,0.555246135265138,0.444753864734862,2,34491.115424698,6246.12033228343,10679.4174762653,32315.0305581631,7855.33429573523,1014.53277046618,0.372468010581521,0.0674515736986714,0.115326550984946,0.348968567576717,0.0848294032117667,0.0109558939463786,21
NAM,NAM,1371097.9391976,100114.841937019,277074.241028521,993908.856232063,0.07301800919897,0.202082019896165,0.275100029095135,0.724899970904865,1,103446.255409373,45434.1872121256,128193.798407023,92737.8083803855,426031.643408768,475139.404442909,0.0754477506325419,0.0331370837292008,0.0934971855344225,0.0676376250952997,0.310722984280825,0.346539361528741,12
NCL,NCL,176765.969848724,55857.5295092294,33405.6475294549,87502.7928100392,0.315997075438402,0.188982345176753,0.504979420615155,0.495020579384845,2,9737.1687824307,0,23668.4787470242,5240.14711572463,52927.7157369311,29334.9299573835,0.0550850867435841,0,0.133897258433168,0.0296445470822758,0.299422540335262,0.165953491967308,21
NER,NER,8371862.24088452,1505320.71395254,2216745.89903082,4649795.62790116,0.179807152893798,0.264785281368487,0.444592434262285,0.555407565737715,1,1737717.10956086,144884.120876935,334144.668593021,1975622.10734131,1677688.13102871,996485.389531136,0.207566376459781,0.0173060803807049,0.039912824528001,0.235983590089817,0.200396050813595,0.119027924834302,13
NFK,NFK,2739.77037524711,0,0,2739.77037524711,0,0,0,1,1,0,0,0,1059.92496640608,1277.19223488215,402.653173958883,0,0,0,0.386866350546066,0.466167619892947,0.146966029560987,12
NGA,NGA,95194852.5186268,33724997.0365249,36254559.5889589,25215295.893143,0.35427332617513,0.380845798168184,0.735119124343314,0.264880875656686,2,23658197.0449535,2707509.63179744,9888852.91220801,11179825.637726,9972781.06885779,4062689.18655918,0.248523910894492,0.0284417650761911,0.103880122197501,0.117441493336401,0.104761768152395,0.0426776141678904,23
NIC,NIC,4225085.0412861,1367357.55985449,1331544.91134704,1526182.57008458,0.323628411379447,0.315152215478654,0.638780626858101,0.361219373141899,2,1063474.9187062,41941.2714913618,226128.721149475,304297.215948886,593830.295126987,628055.059008705,0.251704973583793,0.00992672835730544,0.0535205135375552,0.0720215600337973,0.140548720161672,0.148649092946429,23
NIU,NIU,2532.12985400824,0,0,2532.12985400824,0,0,0,1,1,0,0,0,0,1392.04326179624,1140.086592212,0,0,0,0,0.549751925081053,0.450248074918947,12
NLD,NLD,14937973.1092591,6140412.64057548,6102848.58147986,2694711.88720377,0.411060630224955,0.408545961144962,0.819606591369917,0.180393408630083,2,3650262.9096791,404611.293554202,2047974.37824655,929472.35508004,1469164.05336999,296075.478753734,0.244361325527928,0.0270860906359116,0.137098544981122,0.0622221199811853,0.0983509638572956,0.0198203247916021,23
NOR,NOR,4118270.46300114,732779.747786431,1577416.8217582,1808073.89345651,0.177933857032893,0.383028952549337,0.56096280958223,0.43903719041777,2,605092.609913108,208976.383714096,763347.828130997,584040.361778062,824960.308275903,399073.223402548,0.146928817655204,0.0507437249669627,0.18535640992717,0.141816902756904,0.20031717578712,0.096903111873747,21
NPL,NPL,19617707.6295713,3338416.72929019,8539647.24809995,7739643.65218114,0.170173640688677,0.435303013448293,0.605476654136971,0.394523345863029,2,2420159.01211733,894895.186356473,5224593.04962615,2289661.27284647,4873679.81802301,576302.561311662,0.123366045504177,0.0456167052366266,0.26632026270749,0.116714007369296,0.248432686940269,0.0293766515534648,21
NRU,NRU,9426.56481464952,0,8268.99575166218,1157.56906298734,0,0.877201389292057,0.877201389292057,0.122798610707943,2,0,4425.92890062649,3843.06685103569,0,1033.48029462248,124.088768364862,0,0.469516625372192,0.407684763919865,0,0.109634879189117,0.0131637315188264,21
NZL,NZL,3387644.18878594,1209740.97250362,1195464.64442958,982438.57185274,0.357103906162343,0.35288967134946,0.709993577511803,0.290006422488197,2,476170.415617837,74779.8928846655,644514.335927076,228924.935371597,354000.794953112,399512.84152803,0.140560929389839,0.0220743055401769,0.190254436419445,0.0675764403267037,0.104497631753936,0.117932350407558,22
OMN,OMN,1820887.96802009,165525.983101369,992577.522444325,662784.462474395,0.0909039908047451,0.545106310699382,0.636010301504127,0.363989698495873,2,387924.276106388,144529.263056916,460123.98328102,181795.133319239,328824.109332972,152165.219822183,0.21304126498688,0.079372957367645,0.252692088344858,0.0998387251231668,0.180584481367359,0.0835664920053469,21
PAK,PAK,112327337.701574,41545220.7789247,38118683.5541566,32663433.3684922,0.369858501314259,0.339353574420403,0.709212075734662,0.290787924265338,2,14763848.5378696,5118960.51700369,18235874.4992833,13589125.6903962,16335017.0680711,2739290.6100249,0.131435933940619,0.0455718137876954,0.162345826692088,0.120977902338425,0.145423343972322,0.0243866779545913,23
Z06,PAK,3079120.19623322,287473.897727862,1615822.36867125,1175823.9298341,0.0933623500893333,0.524767552318333,0.618129902407666,0.381870097592334,2,310728.292817449,263582.882269986,1041511.19358381,353849.301714942,730680.337714277,91294.2904048855,0.100914635679884,0.0856033105146188,0.33824960612383,0.114918963588306,0.237301661236915,0.0296494727671134,21
PAN,PAN,2441965.66883617,584401.674345421,818533.557256267,1039030.43723448,0.239316089412487,0.335194539260814,0.574510628673301,0.425489371326699,2,539179.004244997,54183.9407783756,225170.612232894,243980.556220587,557017.57825017,238032.302763728,0.220797127136504,0.0221886578791255,0.0922087542451852,0.0999115423014389,0.228102133194871,0.0974756958303893,21
PCN,PCN,45.5035679675639,0,0,45.5035679675639,0,0,0,1,1,0,0,0,0,0,45.5035679675639,0,0,0,0,0,1,11
PER,PER,21967603.5774078,9557029.40751675,4146934.48200512,8263639.68788595,0.435051068444511,0.188775005311456,0.623826073755967,0.376173926244032,2,2415305.54250486,349576.280432191,1382052.65906807,1893781.81067423,4688969.26869472,1680888.608517,0.109948521876498,0.0159132642393322,0.0629132191956258,0.0862079381577087,0.213449284632804,0.0765167034535201,23
PHL,PHL,60922600.3493699,21746705.2281989,23120401.9285029,16055493.1926681,0.356956287215075,0.379504515498607,0.736460802713682,0.263539197286318,2,7032071.88933839,3000817.80707525,13087512.2320893,5750027.52953944,9088568.9875786,1216896.67555004,0.115426325354005,0.0492562331526659,0.214821956991937,0.09438250331675,0.149182223599433,0.0199744703701346,22
PLW,PLW,15010.687995681,0,10709.4184562061,4301.26953947486,0,0.713452871666344,0.713452871666344,0.286547128333656,2,8976.3640794009,0,1733.0543768052,0,2966.10440214723,1335.16513732763,0.597998178496793,0,0.115454693169551,0,0.197599497304899,0.0889476310287572,23
PNG,PNG,3844198.31257379,224472.139685756,666103.080295342,2953623.09259269,0.0583924452990737,0.173274900547305,0.231667345846379,0.768332654153621,1,357845.812745687,59713.3606969751,248543.906852679,520388.352405131,1879198.34068101,554036.399506548,0.0930872404722794,0.0155333715489291,0.0646542885260966,0.135369798874064,0.488840113824108,0.14412274145545,12
POL,POL,38029363.9866956,11644792.5185293,10917464.0852052,15467107.3829612,0.306205292378887,0.287079849377039,0.593285141755927,0.406714858244073,2,6218293.65590491,658156.650281114,4041013.77901916,2555234.33211101,10604517.9589759,2307355.09187428,0.163512954307633,0.0173065384556882,0.106260356613718,0.0671910877343346,0.278850783901772,0.0606729866079669,21
PRI,PRI,3542487.21833429,1200336.8963915,1712022.83041649,630127.491526311,0.338840148859,0.483282712088795,0.822122860947794,0.177877139052206,2,360652.54517053,271611.999437034,1079758.28580892,143571.893739754,444888.292829917,41667.304956641,0.101807719532186,0.076672682975762,0.304802309580847,0.0405285566018958,0.125586421463253,0.0117621609870574,22
PRK,PRK,20778844.6981536,12395167.3492654,5590784.4015256,2792892.94736256,0.596528225188904,0.269061369038597,0.865589594227501,0.134410405772499,3,4213618.15709911,234508.283913517,1142657.96051298,1220565.00445639,1316619.07753258,255708.865373594,0.202784043978804,0.0112859154260081,0.0549914096337856,0.0587407539825756,0.0633634399149042,0.012306211875019,30
PRT,PRT,10003244.6148602,3166310.96807379,3577851.74859023,3259081.89819623,0.316528395533795,0.357669125003219,0.674197520537014,0.325802479462986,2,1210483.00258037,350014.518998781,2017354.22701107,863077.506248319,2072302.26950295,323702.122444964,0.121009037485912,0.0349900989603732,0.201669988556933,0.0862797561669321,0.207163010532048,0.0323597127640056,21
PRY,PRY,4058938.32392473,1206909.91900161,926389.450972359,1925638.95395076,0.297346207969626,0.228234424137936,0.525580632107562,0.474419367892438,2,379240.554547335,111410.198505948,435738.697919076,262425.652689338,956578.602658714,706634.698602711,0.0934334361061771,0.0274481131800549,0.107352874851704,0.0646537670066367,0.235672120716967,0.174093480168834,21
PSE,PSE,2125501.85027326,1197689.29072614,604480.349297729,323332.210249395,0.563485414313875,0.284394176942267,0.847879591256141,0.152120408743858,3,196345.633871209,67940.0928183678,340194.622608152,138300.342698077,159338.239732676,25693.6278186422,0.092376129357858,0.0319642595510482,0.16005378803336,0.0650671476387077,0.0749649969545739,0.0120882641505765,30
PYF,PYF,207088.098157787,71749.492076661,47379.7243873901,87958.8816937364,0.346468448524708,0.228790185475989,0.575258634000697,0.424741365999303,2,5869.70484357141,11013.9097252712,30496.1098185475,29982.3327498331,52093.973411998,5882.57553190528,0.0283439989829791,0.0531846582360291,0.147261528256981,0.144780569315908,0.25155464691315,0.0284061497702448,21
QAT,QAT,441380.24432258,231033.646053402,124542.442422261,85804.155846918,0.523434496729654,0.282165874037714,0.805600370767368,0.194399629232632,3,62077.8256482696,10599.3372645436,51865.2795094473,21890.267392972,41654.9777970711,22258.9106568749,0.140644776123918,0.024014072675163,0.117507025238633,0.0495950321169645,0.0943743593712541,0.0504302377444131,30
REU,REU,658581.755265608,117326.551251246,435752.011419194,105503.192595168,0.178150321221589,0.66165211522365,0.839802436445239,0.160197563554761,2,217002.714570485,56812.6312264241,161936.665622285,39266.9629713157,56205.1523222486,10031.0773016042,0.32950003979835,0.0862651155641435,0.245886959861157,0.0596235207813785,0.0853427108675078,0.015231331905875,23
ROU,ROU,22839685.8688231,7712019.67802531,5001631.13295859,10126035.0578392,0.337658745497566,0.218988613139639,0.556647358637206,0.443352641362794,2,2195774.03283694,608804.140286177,2197052.95983546,3954298.98698627,5325478.48147042,846257.589382532,0.096138539095857,0.0266555391253088,0.0961945349184732,0.1731328096935,0.233167763867535,0.0370520678017599,21
RUS,RUS,147818655.203201,71885049.5537106,43583033.9517105,32350571.69778,0.486305665918099,0.294841228881419,0.781146894799517,0.218853105200482,2,23752142.6189311,4189487.53175994,15641403.8010195,8798529.83400471,18473224.6221961,5078817.24157917,0.16068433707694,0.0283420758090431,0.105814815995436,0.0595224589339531,0.124972214074074,0.0343584321924557,23
RWA,RWA,7300277.62906736,316499.108758702,5342968.64364608,1640809.87666257,0.0433543934683394,0.731885678206552,0.775240071674891,0.224759928325109,2,1183154.15600428,784937.742442027,3374876.74519977,421766.721507365,1117920.90466122,101122.250493985,0.162069748045382,0.107521628946913,0.462294301214258,0.0577740659927816,0.153134026055396,0.0138518362769312,21
SAU,SAU,15421756.2295532,7613125.91580865,4223977.12361562,3584653.1901289,0.493661409406757,0.273897282562481,0.767558691969237,0.232441308030763,2,2073958.67316235,315783.593953838,1834234.85649943,875133.958372561,1622113.89266527,1087405.33909108,0.134482651799927,0.0204765001633661,0.118938130599188,0.0567467119403376,0.105183473822311,0.0705111222681142,23
SDN,SDN,21092753.6268639,9131092.66200689,5353500.28604852,6608160.67880846,0.432901878225016,0.253807557834946,0.686709436059962,0.313290563940038,2,3682030.88325467,404154.57636713,1267314.82642672,2690473.94904674,2281507.09060427,1636179.63915745,0.174563783770992,0.0191608257279597,0.0600829483359944,0.127554419714083,0.108165445392513,0.077570698833442,23
SEN,SEN,7550934.20403771,3204133.92835219,1659760.80023659,2687039.47544893,0.424336094286034,0.219808669415907,0.644144763701941,0.355855236298059,2,1182502.78824818,117253.359123591,360004.652864822,1006156.88769517,1174542.44136775,506340.146386016,0.156603508426263,0.0155283248344148,0.0476768361552292,0.13324932525,0.155549288290671,0.0670566227573882,23
SGP,SGP,3021434.37908882,3002141.71674131,16270.2578528164,3022.4044946904,0.99361473395516,0.00538494496700706,0.998999678922168,0.00100032107783253,3,0,0,16270.2578528164,0,2593.4013672039,429.003127486503,0,0,0.00538494496700706,0,0.000858334500048284,0.00014198657778425,30
SGS,SGS,0,0,0,0,0,0,0,0,1,0,0,0,0,0,0,0,0,0,0,0,0,11
SHN,SHN,6605.67784926901,0,0,6605.67784926901,0,0,0,1,1,0,0,0,2338.92309255898,3372.80343805347,893.95131865656,0,0,0,0.354077680736097,0.510591572131648,0.135330747132255,12
SJM,SJM,1447.02317070961,0,0,1447.02317070961,0,0,0,1,1,0,0,0,865.45244038105,468.770311892033,112.800418436527,0,0,0,0.598091625551952,0.323954945145869,0.0779534293021795,13
SLB,SLB,317592.76162234,0,40963.0596974146,276629.701924925,0,0.128979827777452,0.128979827777452,0.871020172222548,1,25967.8749857509,0,14995.1847116638,37633.4832669888,188990.875472363,50005.343185573,0.081764694047499,0,0.0472151337299527,0.118496035850276,0.59507299381432,0.157451142557953,12
SLE,SLE,4324041.7345492,1033281.05707307,963054.710163696,2327705.96731244,0.238961860339396,0.222720956291625,0.461682816631021,0.538317183368979,1,678239.807932138,68216.5587838828,216598.343447675,791110.463514701,1325241.17923096,211354.324566781,0.15685320576649,0.01577611016999,0.0500916403551447,0.182956250674851,0.306482050957614,0.0488788817365138,13
SLV,SLV,5364946.35528223,2168478.00352108,1903495.59687722,1292972.75488393,0.404193790565312,0.354802354175093,0.758996144740405,0.241003855259595,2,1210775.50483591,152204.34611799,540515.74592332,442890.692387807,701278.519683848,148803.542812278,0.225682686210609,0.0283701524747088,0.100749515489775,0.0825526786398794,0.130714917399571,0.0277362592201446,23
SMR,SMR,22599.2560093238,0,17947.8727447295,4651.38326459425,0,0.794179805623901,0.794179805623901,0.205820194376099,2,0,10699.8378635272,7248.03488120227,0,4108.12792537385,543.255339220399,0,0.473459739520311,0.32072006610359,0,0.181781556157378,0.0240386382187214,21
SOM,SOM,6995188.44400399,3556984.80303784,1472383.53986483,1965820.10110132,0.508490204590092,0.210485185874714,0.718975390464807,0.281024609535193,3,1252328.02088361,43064.0495688338,176991.469412392,457589.327330157,708983.698816566,799247.074954595,0.179027059943904,0.00615623866512798,0.0253018872656822,0.0654148678042241,0.101353052100302,0.114256689630667,30
SPM,SPM,6076.4206370106,0,4957.83199005574,1118.58864695486,0,0.815913230209624,0.815913230209624,0.184086769790376,2,0,4313.35991478711,644.472075268626,0,1007.5780990934,111.010547861457,0,0.709852094260075,0.106061135949549,0,0.165817700795167,0.0182690689952087,22
SRB,SRB,8062804.71213394,2320750.18144273,2783204.43415591,2958850.0965353,0.287834105413736,0.345190604699551,0.633024710113288,0.366975289886712,2,1541421.1747778,338858.562341087,902924.69703702,955110.274824291,1566272.50117404,437467.320536968,0.191176796389236,0.0420273806000943,0.111986427710221,0.118458812897566,0.194259014957527,0.0542574620316193,22
SSD,SSD,4758641.10296882,898831.226339411,659728.039677838,3200081.83695157,0.188884012660389,0.138637906369162,0.327521919029552,0.672478080970449,1,391569.088299721,73414.5215553567,194744.42982276,532229.834871932,1998820.78971612,669031.212363519,0.0822859046998585,0.0154276231316446,0.0409243785376592,0.111844920294553,0.42004024814334,0.140592912532556,12
STP,STP,120138.56012161,56103.5481467512,39004.0133431726,25030.9986316859,0.466990349226432,0.324658571766558,0.791648920992991,0.208351079007009,2,6180.09451134969,6193.85543924198,26630.063392581,7357.78569881665,14868.9086105198,2804.30432234937,0.0514413898842629,0.0515559320252571,0.221661249857038,0.0612441641665154,0.123764664696071,0.0233422501444226,23
SUR,SUR,412853.428365482,165252.212452406,94883.1414662476,152718.074446828,0.400268475683131,0.229822825601563,0.630091301284694,0.369908698715306,2,17589.6815123893,14105.3371181111,63188.1228357472,29337.966046792,93391.689961343,29988.4184386932,0.0426051482290658,0.0341654837988271,0.15305219357367,0.0710614567570463,0.226210280803741,0.0726369611545184,21
SVK,SVK,5261230.23185913,924635.025897819,1994345.89938978,2342249.30657153,0.17574502258022,0.37906455553173,0.55480957811195,0.44519042188805,2,1236136.81613981,170082.08759981,588126.995650164,994682.399626427,1153566.51208797,194000.394857126,0.234952047651221,0.0323274367599208,0.111785071120589,0.189058899875389,0.219257941821783,0.0368735801908774,21
SVN,SVN,1957361.3201638,301847.139557895,641104.57101714,1014409.60958877,0.154211251876907,0.327535118024857,0.481746369901764,0.518253630098236,1,265156.634438368,92925.5665006915,283022.370078081,208167.126906224,648953.695760799,157288.786921744,0.135466370826301,0.0474749171465772,0.144593830051979,0.106350894319708,0.331545172102661,0.080357563675868,13
SWE,SWE,8516626.10587179,1977876.9159381,3374113.86319618,3164635.32673751,0.232237143130476,0.396179639830601,0.628416782961077,0.371583217038922,2,1456843.40981812,457934.937285719,1459335.51609234,865014.108128669,1344141.7413015,955479.477307343,0.171058749287315,0.0537695246442715,0.171351365899015,0.101567697979871,0.157825613639981,0.112189905419071,21
SWZ,SWZ,855566.626961795,0,214776.203120237,640790.423841557,0,0.251033872000045,0.251033872000045,0.748966127999955,1,104056.17190478,30049.2085380424,80670.8226774149,130073.453581644,404294.882620174,106422.087639739,0.121622523162567,0.0351219970380918,0.0942893517993862,0.152031939398511,0.472546345169946,0.124387843431498,12
SXM,SXM,27851.5672866747,0,26057.5627498538,1794.00453682084,0,0.935586944951598,0.935586944951598,0.0644130550484017,2,5641.65895997034,0,20415.9037898835,0.860699154436588,1726.0038655262,67.1399721401976,0.202561633314961,0,0.733025311636638,3.09030779337284e-05,0.0619715166389216,0.00241063533154632,21
SYC,SYC,69497.4482068706,0,51415.8378822615,18081.6103246091,0,0.739823392208787,0.739823392208787,0.260176607791213,2,16371.7856480581,4112.32637312263,30931.7258610808,3758.17197093135,13366.3367414812,957.101612196537,0.235573910560352,0.0591723362400533,0.445077145408382,0.0540764023413425,0.192328453581405,0.0137717518684652,21
SYR,SYR,12419655.4272576,4778173.78681227,3790844.77591549,3850636.86452983,0.384726759514241,0.305229464546631,0.689956224060871,0.310043775939128,2,2113948.29190942,333869.627662374,1343026.8563437,1625622.59207149,1841967.07845712,383047.194001221,0.170209898679629,0.0268823583406046,0.108137207526397,0.13089111864599,0.148310642694203,0.030842014598935,23
TCA,TCA,10700.4108471073,0,0,10700.4108471073,0,0,0,1,1,0,0,0,2967.35730768686,6592.67094889945,1140.38259052098,0,0,0,0.27731246492176,0.616113814983252,0.106573720094988,12
TCD,TCD,5829789.93295422,1575844.7688306,1248876.40806956,3005068.75605405,0.270309014038873,0.214223226296715,0.484532240335588,0.515467759664411,1,904799.474661168,80206.8854737733,263870.047934623,637483.194668489,1425819.31304962,941766.248335946,0.155202757743737,0.0137581090221426,0.0452623595308361,0.109349256491211,0.244574732442733,0.161543770730468,13
TGO,TGO,3855716.73208784,1007778.36928085,1429485.59532664,1418452.76748036,0.261372512377263,0.370744454184159,0.632116966561421,0.367883033438579,2,805334.941097034,121905.529879235,502245.124350366,541257.248377301,584389.745073423,292805.774029636,0.208867766243022,0.0316168272593055,0.130259860681831,0.140377856047587,0.151564491294198,0.075940686096793,22
THA,THA,55213408.1458369,8673915.3535693,17696092.083571,28843400.7086965,0.157097988420831,0.320503527636436,0.477601516057267,0.522398483942733,1,6491018.89015928,2416497.81153081,8788575.38188094,12869123.0256912,13232705.2780932,2741572.40491206,0.117562365884286,0.0437665033310032,0.159174658421147,0.233079671367136,0.239664706861444,0.049654105714153,13
TJK,TJK,5418209.26683681,1090379.19255141,2864031.84628821,1463798.22799719,0.201243462341937,0.528593803827045,0.729837266168981,0.270162733831019,2,1050927.56834211,464713.135071423,1348391.14287467,647691.298183676,650371.935990016,165734.993823498,0.193962159190587,0.0857687682747489,0.248862876361709,0.119539734677285,0.120034480759306,0.0305885183944281,21
TKL,TKL,1602.7504815408,0,0,1602.7504815408,0,0,0,1,1,0,0,0,0,1602.40060251439,0.349879026412964,0,0,0,0,0.999781700875811,0.000218299124188444,12
TKM,TKM,3712563.14394558,781466.987998355,1553341.0858386,1377755.07010862,0.210492578226654,0.418401256924553,0.628893835151207,0.371106164848793,2,454858.972190415,303330.376974449,795151.736673736,626026.827565075,578238.265569759,173489.976973786,0.122518851411914,0.0817037623909828,0.214178643121657,0.168623886865331,0.155751765869019,0.0467305121144436,21
TLS,TLS,757935.693220446,117105.442395489,103940.044054408,536890.206770549,0.15450577594243,0.137135702915335,0.291641478857766,0.708358521142234,1,0,30952.4040590478,72987.63999536,139590.896895892,337139.131121899,60160.178752758,0,0.040837770718426,0.0962979321969094,0.184172480784979,0.444812316054684,0.0793737243025713,12
TON,TON,98121.5248442534,0,56670.8191646119,41450.7056796416,0,0.577557465138913,0.577557465138913,0.422442534861087,2,35103.3655373845,6039.73773279041,15527.7158944369,17281.7136056102,22010.5571433464,2158.43493068498,0.357753974911249,0.0615536472998884,0.158249842927776,0.176125611918905,0.224319354782586,0.0219975681595962,21
TTO,TTO,1265970.73991467,603440.22980975,497712.522150951,164817.987953969,0.476662067126783,0.393146939702965,0.869809006829749,0.130190993170251,2,181771.77167354,38462.5366612249,277478.213816186,44971.8369055083,98865.2555824003,20980.8954660599,0.143582916999956,0.0303818527937047,0.219182169909305,0.035523598996087,0.0780944238798633,0.0165729702943009,23
TUN,TUN,8416107.34140178,2381111.17421284,2647786.06172971,3387210.10545923,0.282923099435688,0.314609350180733,0.597532449616421,0.402467550383579,2,1599628.40524412,133748.988161648,914408.668323942,579489.059832346,2151312.47456038,656408.571066506,0.190067490866589,0.0158920249868594,0.108649834327284,0.0688547610344317,0.255618469120197,0.0779943202289498,21
TUR,TUR,54286241.5866098,25543770.3513729,13511167.5809293,15231303.6543076,0.470538567504616,0.248887511569082,0.719426079073698,0.280573920926302,2,8518257.75246506,924788.067666724,4068121.76079755,5446415.79903678,8030218.29639675,1754669.55887406,0.156913750215601,0.0170354041952101,0.074938357158271,0.100327737560306,0.147923637033983,0.0323225463320133,23
TUV,TUV,9116.76226081699,0,0,9116.76226081699,0,0,0,1,1,0,0,0,8263.92406796664,760.64251974225,92.1956731081009,0,0,0,0.90645382993963,0.0834334051916021,0.0101127648687681,13
TWN,TWN,20575322.0037315,14919697.5761877,4394130.51887605,1261493.90866771,0.725125836352983,0.213563147059334,0.938688983412317,0.0613110165876836,3,1817087.5897291,225474.340776789,2351568.58837016,336199.04888262,803792.378660411,121502.48112468,0.0883139320686966,0.0109584841848841,0.114290730805753,0.0163399167615286,0.0390658468681383,0.00590525295801664,30
TZA,TZA,26175962.3243806,2793249.25985382,6373350.86445019,17009362.2000766,0.106710470669197,0.243481052786891,0.350191523456088,0.649808476543912,1,2598978.6490668,939374.241484473,2834997.97389891,5143927.5187812,8513155.76518581,3352278.91610961,0.0992887526677895,0.0358869037876605,0.108305396331441,0.196513406270839,0.325227995811124,0.128067074461948,13
UGA,UGA,17593898.1591234,1211359.97978412,5338754.40896082,11043783.7703784,0.0688511419600303,0.30344352119558,0.37229466315561,0.62770533684439,1,1178733.91622291,561950.536402212,3598069.9563357,2624794.87918878,7190630.14104159,1228358.75014806,0.0669967454376605,0.0319400812326978,0.204506694525222,0.149187795419157,0.408700225271729,0.0698173161535034,13
UKR,UKR,51591461.894008,23880656.3410514,14729674.2743848,12981131.2785717,0.46288000890754,0.285506045644649,0.748386054552189,0.251613945447811,2,8448369.78116922,1085712.26313293,5195592.23008269,3529315.23621465,7858852.03950142,1592964.00285566,0.16375519264265,0.0210444174922485,0.100706435509751,0.0684089015245476,0.15232853947126,0.0308765044520027,23
UMI,UMI,0,0,0,0,0,0,0,0,1,0,0,0,0,0,0,0,0,0,0,0,0,12
URY,URY,3119341.77704831,1696457.75373108,925061.012371889,497823.010945339,0.543851195214768,0.296556478414248,0.840407673629016,0.159592326370984,3,498498.597757273,97394.3401556583,329168.074458958,175182.538997238,161033.76561531,161606.706332791,0.159808906297206,0.0312227216883615,0.105524850428681,0.0561600977123467,0.0516242775319377,0.0518079511266996,30
USA,USA,248015462.072995,65456834.0225318,101758815.109109,80799812.9413541,0.263922392077583,0.410292222342007,0.67421461441959,0.32578538558041,2,16844820.8829613,16323854.4425859,68590139.7835617,13124249.3067736,42351562.6718673,25324000.9627133,0.06791843033562,0.0658178901675957,0.276555901838792,0.0529170608843367,0.170761783631871,0.102106541064202,21
UZB,UZB,20680082.3197583,6560038.05950749,9733493.52626963,4386550.73398114,0.317215277873428,0.470669960388408,0.787885238261836,0.212114761738164,2,3191841.43946668,1229658.74010652,5311993.34669643,1718732.68597261,2197842.59261933,469975.455389201,0.154343749222754,0.0594610176639225,0.256865193501731,0.0831105340586817,0.106278232293082,0.0227259953864001,22
VAT,VAT,998.611346065998,998.611346065998,0,0,1,0,1,0,3,0,0,0,0,0,0,0,0,0,0,0,0,30
VCT,VCT,112254.2183242,0,86578.7142199408,25675.5041042592,0,0.771273592319657,0.771273592319657,0.228726407680343,2,40157.4354412633,19579.567185848,26841.7115928296,12577.5306359408,12058.3764722666,1039.59699605173,0.35773653801842,0.174421660745973,0.239115393555263,0.112045060076191,0.107420252461613,0.00926109514253868,22
VEN,VEN,19730222.2593615,11338144.5723042,5206414.77632362,3185662.91073369,0.574658735378641,0.263880188873863,0.838538924252505,0.161461075747496,3,3025854.55575307,380673.926820131,1799886.29375042,1034193.94789285,1437967.85573929,713501.107101554,0.153361402419954,0.0192939502564149,0.091224836197495,0.052416740891104,0.0728814828762007,0.0361628519801907,30
VGB,VGB,15519.9464209641,0,5446.78033076809,10073.166090196,0,0.350953552482029,0.350953552482029,0.649046447517971,1,0,4349.40070633031,1097.37962443777,5428.8101399634,3526.13599968096,1118.2199505516,0,0.280245858352657,0.0707076941293723,0.349795675365881,0.227200268869351,0.072050503282739,13
VIR,VIR,100476.076096581,0,78548.0067029607,21928.0693936199,0,0.781758302617809,0.781758302617809,0.218241697382191,2,26383.0848836005,15954.9993794237,36209.9224399365,6680.34880078491,13205.9676117192,2041.7529811158,0.262580764581613,0.158794013453384,0.360383524582812,0.0664869594863911,0.131433950496088,0.020320787399711,21
VNM,VNM,66862883.4053436,16420355.6896106,37208591.3756573,13233936.3400755,0.245582524314205,0.556490977962875,0.802073502277081,0.197926497722919,2,13227147.6343376,3612137.72678714,20369306.0145326,3113088.07066427,8966696.96134776,1154151.30806351,0.197824965970291,0.0540230624648542,0.304642949527731,0.0465592853929401,0.134105747533932,0.0172614647960467,21
VUT,VUT,149641.794925264,0,30016.6784020682,119625.116523195,0,0.200590205544244,0.200590205544244,0.799409794455756,1,10065.9992444273,0,19950.6791576409,5621.84010123694,87700.5572934651,26302.7191284932,0.0672672982134078,0,0.133322907330836,0.0375686492135749,0.586069936793166,0.175771208449015,12
WLF,WLF,13360.5294411839,0,0,13360.5294411839,0,0,0,1,1,0,0,0,2909.11231936235,10105.1332277139,346.283894107677,0,0,0,0.21773929934206,0.756342274623096,0.0259184260348437,12
WSM,WSM,167180.265334402,0,87433.0842139074,79747.1811204945,0,0.522986873115793,0.522986873115793,0.477013126884207,2,25870.2457649894,8950.54623155575,52612.2922173622,28374.5691376096,44533.0286588393,6839.58332404564,0.154744614821866,0.0535382942098605,0.314703964084066,0.169724393491381,0.266377305776864,0.0409114276159616,21
XAD,XAD,16739.4991948903,0,12.3221014984883,16727.1770933919,0,0.000736109327706148,0.000736109327706148,0.999263890672294,1,0,0,12.3221014984883,11314.3397474336,3796.48589262087,1616.35145333744,0,0,0.000736109327706148,0.675906705195051,0.226798057003983,0.0965591284732594,13
XCA,XCA,187146.854663742,105290.407765485,54093.9330077509,27762.5138905061,0.562608481743743,0.289045376183024,0.851653857926767,0.148346142073233,3,19944.2453736719,7506.42117086379,26643.2664632152,7278.08040212048,18908.1354693546,1576.29801903106,0.10657002710255,0.0401097907007362,0.142365558379738,0.0388896752510079,0.101033680225767,0.00842278659645813,30
XCL,XCL,0,0,0,0,0,0,0,0,1,0,0,0,0,0,0,0,0,0,0,0,0,11
XKO,XKO,1912184.832236,660201.943965057,671696.782006046,580286.106264897,0.345260527557399,0.351271891023527,0.696532418580926,0.303467581419074,2,276827.414641086,37411.1925347559,357458.174830204,231031.960496057,312839.773162858,36414.3726059824,0.144770217802314,0.0195646319874891,0.186937041233725,0.120820935613165,0.163603312759803,0.0190433330461059,22
XPI,XPI,400.571817368269,0,0,400.571817368269,0,0,0,1,1,0,0,0,0,400.499275639653,0.0725417286157608,0,0,0,0,0.999818904562252,0.000181095437747856,12
XSP,XSP,0,0,0,0,0,0,0,0,1,0,0,0,0,0,0,0,0,0,0,0,0,12
YEM,YEM,13366380.1692903,2801212.34440663,6449234.7391865,4115933.08569716,0.209571500206354,0.482496731164645,0.692068231370999,0.307931768629001,2,4460615.18469938,530801.586290303,1457817.96819682,2293385.49364691,1557669.11317296,264878.478877294,0.333719012043948,0.0397116930363717,0.109066026084325,0.171578652155655,0.116536346673107,0.0198167698002382,23
ZAF,ZAF,39868976.5029688,12185619.2906385,15219846.639459,12463510.5728714,0.305641638172755,0.38174661038328,0.687388248556035,0.312611751443965,2,5551384.24720405,1988068.37042027,7680394.02183469,4578064.42540614,6095938.6027703,1789507.54469494,0.139240701270339,0.0498650465800702,0.192640862532871,0.114827738932933,0.152899300094056,0.0448847124169763,21
ZMB,ZMB,7678707.96788094,1920264.66645096,1738653.03865082,4019790.26277916,0.250076532990079,0.226425206678439,0.476501739668519,0.523498260331482,1,878759.721487295,187203.564505551,672689.752657975,555311.398442168,1626254.89096663,1838223.97337036,0.1144410915434,0.0243795655842883,0.0876045495507513,0.0723183380283461,0.211787568659864,0.239392353643271,13
ZNC,ZNC,240718.887912135,74406.5951800072,75099.1948903264,91213.0978418019,0.309101607378505,0.311978821195528,0.621080428574032,0.378919571425968,2,43742.2111741281,4451.60334313102,26905.3803730672,21818.6394258081,59054.3257002235,10340.1327157703,0.181714910506293,0.0184929540915622,0.111770956597672,0.0906394991064104,0.245324852621365,0.0429552196981924,22
ZWE,ZWE,10106715.4914708,1935247.15234452,1918394.25621832,6253074.08290796,0.19148131299211,0.189813818132832,0.381295131124942,0.618704868875058,1,1226718.19901277,88460.1679566884,603215.889248857,536081.856261058,3194679.40626977,2522312.82037713,0.12137654414513,0.00875261285739578,0.0596846611303068,0.0530421437818711,0.31609472028433,0.249568004808857,12
