month_year,SN0101,SN0102,SN0103,SN0104,SN0201,SN0202,SN0203,SN0301,SN0302,SN0303,SN0401,SN0402,SN0403,SN0404,SN0501,SN0502,SN0503,SN0601,SN0602,SN0603,SN0701,SN0702,SN0703,SN0801,SN0802,SN0803,SN0901,SN0902,SN0903,SN1001,SN1002,SN1003,SN1101,SN1102,SN1103,SN1201,SN1202,SN1203,SN1204,SN1301,SN1302,SN1303,SN1401,SN1402,SN1403
01_2010,0,0,0.080917716,0.019503057,0.00534824,0.048327845,0.209222141,0.154185021,0.481689157,0.303824889,0.475095697,0.403207912,0.235664845,0.457716528,0.435598606,0.453017907,0.313428752,0.001677674,0.001410516,0.005040159,0.007336819,0.002874402,0.008808893,0.01845955,0.166681875,0.022380027,0.062369646,0.095937108,0.165793673,0.005532769,0.014056001,0.002825474,0.035372021,0.01538152,0.03047253,0.009322763,0.009313217,0.086050929,0.011749486,0.03392349,0.008526261,0.001344075,0.141102868,0.096278766,0.124522811
02_2010,0.069416955,0,0.354701608,0.115024249,0.129788622,0.132225084,0.091337995,0.052875996,0.003371716,0.015975241,0.021331268,0.028791677,0.070171212,0.015301286,0.001777704,0.000300592,0.020235214,0.018056709,0.010371764,0.007307094,0.074170791,0.022937103,0.211844546,0.139316444,0.244204183,0.173632662,0.279653719,0.102020275,0.083168168,0.586415555,0.319835961,0.68572439,0.042643478,0.028407802,0.039278526,0.078584605,0.113079764,0.127657583,0.119989686,0.164424265,0.154789543,0.097790879,0.061195121,0.041145839,0.085851544
03_2010,0,0,0,0,0,0,0,0,0,0,0,4.13E-05,6.31E-05,6.69E-05,0,0,2.58E-05,0.00287879,0.002381962,0.009368116,0,0.000908975,0.002065255,7.53E-06,4.16E-05,0,0.002875548,0,4.93E-05,0,5.29E-06,0,0.000616389,0.040489078,0.012480138,0.002367358,0.113803856,0.000514177,0.008606992,0,0,0,0.000615813,0.000174714,0.008114204
04_2010,0,0,0.048443943,0.034353614,0.039844472,0.005044625,0.011147103,0.016058686,0.12983261,0.009894319,0.030035389,0.052744411,0.039013552,0.004492142,0.016734588,0.046503286,0.11263593,12.97836121,11.5521004,6.597046834,1.907472628,1.103564025,2.283692705,0.017596614,0.007671747,0.029043376,0.104172496,0.002949032,0.051884352,0.080368336,0.003119936,0.103737996,0.401529868,1.032888285,1.025681967,1.689098804,0.722078108,0.043252431,1.904299612,0.11417931,0.140513067,0.038848926,0.508475337,0.442359201,0.548438223
05_2010,2.063940763,0,1.987570047,1.63121748,0.883808055,0.991158867,0.981607337,0.692897227,1.464581091,0.715427594,1.772963034,1.168960749,1.755568655,0.881583592,1.206338278,2.050541487,2.870724284,86.90064937,81.11411605,89.84211865,12.5074133,4.233655796,21.12362087,2.450748759,0.719528198,2.702014287,0.434989249,0.141361802,0.421896505,2.025076034,1.080906745,2.163197748,3.194078445,12.87669271,7.172799917,30.57796647,15.06735107,0.486511529,18.13398941,0.571245047,1.199202576,2.12127657,2.852658677,1.798200015,4.934869064
06_2010,31.5492878,0,30.00006294,25.92634074,39.26636781,38.5359375,47.41585501,51.91001033,67.84939131,59.77998548,101.9414458,102.6145303,73.181737,72.21586638,79.9544112,87.58959561,114.4682552,187.8826623,201.6755292,158.1284573,175.0780722,177.5158987,169.356892,24.87591231,36.76272607,25.44983164,64.23313738,27.33619867,46.72720382,26.84061773,22.81420331,24.6175495,154.2332764,148.2176432,152.8761375,121.0932681,143.4132409,93.04790251,152.8410174,46.4755296,28.3763623,25.76468951,122.5309806,109.5943646,122.6976511
07_2010,47.50746155,0,47.68549728,53.821462,76.77450756,85.21795044,109.8567409,105.9847566,192.8046496,120.7663011,197.7640678,182.1737259,224.4132144,143.5997936,145.8505859,174.5439773,210.2928255,259.7086672,270.9776651,247.1376018,387.2806166,312.4436953,293.8133935,78.37234199,135.5843996,76.01537069,180.7996081,109.2812727,242.178105,67.26737554,107.0751685,77.66097286,302.1054688,349.7763346,354.4352464,218.8697578,260.8604505,259.4577276,258.1137017,80.55324519,63.13732422,63.80282564,366.1685749,401.3071794,407.7675781
08_2010,150.7650452,0,139.6355896,161.567159,179.046688,157.4312256,144.4598453,188.0854436,243.5603762,164.54064,202.8270693,195.7227925,210.1422954,172.4464365,168.9378096,202.4556384,234.23125,316.6710403,343.6071699,308.9266643,377.1255983,339.686032,378.4089927,119.046618,148.6284141,110.6918132,275.445132,207.6938136,262.6948128,104.4996676,147.9706494,102.6533203,276.1855062,364.1342122,350.5352206,209.9452449,237.2445626,238.6923913,287.8396335,181.6898287,179.5355859,130.8716231,394.7934177,402.3007139,387.1613384
09_2010,295.8873291,0,303.3847046,321.50295,338.1828665,333.3475342,290.3948396,347.0387931,453.4525182,324.3263722,316.8368613,286.5431959,228.3314402,274.9279371,351.2743902,337.5981045,304.1757292,372.1144832,378.2998992,297.460728,308.8311163,254.5010201,343.5548537,289.904429,285.6938976,247.5661214,278.9746287,190.7980105,287.3071695,187.9390376,169.2705305,308.0665746,285.7818197,361.1067708,363.9023867,219.4209957,289.7739006,223.5113451,305.1262612,336.7695012,350.8637891,271.9880805,560.011629,539.2988955,542.4375514
10_2010,33.39631653,0,24.44762802,24.12495931,32.77760867,37.80275269,40.12529554,43.38620802,57.37162944,41.6488444,44.57375026,46.1103033,47.35941997,42.62237434,52.72026248,55.46429944,43.30734375,106.4235777,112.8028446,87.03621887,89.31603674,69.48135201,114.4231528,34.21412418,45.33690637,36.90705363,43.96201397,25.55993085,46.43613406,31.093937,32.44147851,28.89837015,50.90641785,79.97973633,71.74148459,53.47275771,73.59741724,50.74222996,90.79235566,38.24670222,38.83190674,25.68327431,80.62333311,141.0068275,123.7653423
11_2010,0,0,0,0,0,0,0,0,0.005317314,0,0.000382903,0.001437386,0.000522728,0.01262452,0.002497416,0.004835336,0,9.774265909,12.38640275,5.734977401,0.697022103,0,8.035058204,0,0.00556731,0,0.664366518,0,0.006500866,0,0,0,0.003569985,3.871109772,0.510253655,3.437426282,3.249093459,0,3.896111048,0,0,0,0.014036773,0.052494699,0.394932195
12_2010,1.70574975,0,1.548211932,1.230329831,0.801293312,0.80789814,0.795795792,1.084704257,0.981376944,0.718334687,1.122704171,0.755815728,0.692788275,0.710713656,0.876784534,0.856813337,0.801367188,0.00118854,0.003655465,0.002388482,0.724002323,0.233147785,0.31127605,0.746123407,0.757998369,0.609441241,0.454307229,0.641020043,0.432101252,0.687943885,0.436942167,0.834435299,0.753293355,0.758283424,0.768226875,0.050179453,0.106255081,0.495522142,0.086728793,0.973525179,0.987736588,0.759500593,0.851946776,0.967137435,0.838268481
01_2011,1.727506995,0,1.526616812,1.705970446,0.64127707,0.582562017,0.481300956,0.733089579,0.217226677,0.350005517,0.088650478,0.102561418,0.068462654,0.122619413,0.174607882,0.130615672,0.076178576,0.00255919,0.001256682,0.007462209,0.009328711,0.004752905,0.009207241,0.73233755,0.412312365,0.641364694,0.028014073,0.109727505,0.093256318,0.844040079,0.321961643,0.973522186,0.040047218,0.04588062,0.044646237,0.002494488,0.003902879,0.02100262,0.007315689,1.258378014,1.1000354,1.016266867,0.1011237,0.063557292,0.100576972
02_2011,1.012557983,0,0.772518754,0.585055033,0.302273,0.155113494,0.14783587,0.138651091,0.002995184,0.114204932,0.008186332,0.01799471,0.042987262,0.068364026,0.05478738,0.010092251,0.000136259,0,0,0,0,1.15E-05,0,0.419641825,0.445423697,0.470299244,0.163854996,0.431824706,0.333761219,0.633706641,0.396451599,0.764140557,0,0,0,0.000859954,0,0.039917403,0,0.238166252,0.431083031,0.48023887,0,0,0
03_2011,0,0,0,0,0,0,0,0,0,0,0,0.00059393,0.000197769,0,0,0,0.000130202,0.529412457,0.467018312,0.521478353,0.002117764,0.002367388,0.034850496,1.89E-05,8.89E-06,0,0.001034653,0,0.000848928,0,0,0,0.002594551,0.01291976,0.003722197,0.013798897,0.053080094,0.002947876,0.01759026,0,0,1.99E-05,0.087673406,0.078711855,0.009876374
04_2011,0,0,0,0.000813309,0.00162415,0.000862756,0.004513423,0.000597911,0.081750592,0.000417317,0.004788725,0.004024213,0.000694564,0.014741071,0.0031571,0.01105191,0.052208811,5.260800093,3.870564122,1.857117518,0.081463762,0.023914375,0.312736065,0.003615978,0.007561136,0.004072941,0.015974495,0.010385817,0.023365053,0.005411515,0.005385698,0.009339956,0.003063653,3.34E-05,0.000404944,0.033936265,0.02797531,0.047090074,0.148235578,0.005222426,0.002730129,0.001132107,0.071389401,0.024467131,0.00351522
05_2011,0.08987733,0,0,0,0.011831103,0.019262415,0.446024393,0.017836875,0.099681984,0.237346062,0.191444217,0.25558434,0.739168569,0.720678725,0.008486245,0.070690648,0.222447713,50.76243657,47.02196872,47.2893768,23.34256669,15.58662794,25.51361474,0.015168393,0.972578034,0,5.788744231,0.55120721,2.175965527,0.010600274,0.022849712,0,2.480241299,14.64711711,9.561905746,13.12327516,8.416277038,2.778057861,17.16833551,0.013032578,0.063684826,0.059869606,2.659983843,2.335408704,3.963916176
06_2011,5.342761993,0,10.39961815,7.420480092,17.68234448,28.60772705,36.1274928,30.96383913,43.72102074,37.65440956,38.54021062,44.73270576,41.49940892,43.54271079,37.33196575,38.81276015,42.72400065,178.6742121,183.1719853,157.7409153,94.137317,77.18037172,114.3694523,15.89421552,33.53395669,8.596508026,53.03410556,33.40202012,44.19971848,6.95741694,16.85807739,5.033842416,64.34914653,105.4190592,94.72589715,75.82366917,94.32876733,47.24034901,101.3266273,18.76607948,9.427255859,7.75116252,82.9334366,87.2727135,98.01813708
07_2011,62.56845474,0,58.86673355,77.80554708,68.503953,64.23192139,70.88360274,68.9470748,84.90099742,73.20626753,112.4870671,98.0296716,107.6086233,82.41022995,79.34539944,95.63231621,108.2826172,266.8424479,295.4856036,236.9876826,242.5241413,193.4531499,186.219685,73.4348273,94.52243787,73.98112488,85.17997757,42.97090184,113.2933769,60.0218376,55.98489941,72.5642174,184.2811483,246.6392578,225.4454198,133.7014424,143.5982911,119.4831776,161.767657,81.10486779,79.42764648,68.80998102,221.0946031,302.8044855,275.7929174
08_2011,168.5407867,0,168.0918579,187.2568359,235.9995013,224.3334229,215.6060855,217.4390266,279.8183404,214.4013421,257.7551995,248.0388354,227.4385023,223.7239645,225.3701886,238.4212186,283.0038542,370.0541533,423.327558,321.9527658,315.8217202,305.1803593,311.6901596,171.6303748,175.5831693,144.7862956,217.9592616,156.3247411,199.5262693,135.1887259,142.2433602,139.8720535,341.3169556,392.7092122,406.1981027,227.8438515,247.1904726,232.9005774,293.6528517,222.2886869,215.055,187.196718,551.6748384,507.5374124,470.6616982
09_2011,75.22821045,0,88.32821655,100.0095317,120.2947349,127.5430786,116.6521382,125.5755657,144.7788039,144.6461839,143.7496305,131.2229288,123.207224,135.7211822,153.5230207,138.1031634,126.0596354,204.7846388,247.483619,160.4499222,240.8886015,190.3247039,239.8387841,107.070944,122.0310808,72.29201762,127.600428,84.2687818,127.3005314,43.22080182,69.79188689,88.36947737,201.1697998,257.9225911,260.340595,124.6682309,144.3873536,124.9205927,181.0172015,111.5177434,107.2606348,94.3130111,264.4341999,286.5266029,296.578639
10_2011,6.864543915,0,6.575833321,9.614656448,20.71363084,24.54871063,36.08206337,19.47623838,31.61101525,35.86359738,42.78506057,57.18752271,42.10646459,45.38884231,39.72246868,29.01932713,41.61858398,31.0615443,36.01729461,20.56577205,57.91832066,41.06885077,51.84435775,21.21969352,31.56271723,7.544672648,18.4843605,8.87922491,26.64320279,4.447972724,3.472947361,6.048376675,66.23442586,88.97849935,96.14036745,15.16917149,19.72399319,35.30711405,36.18416743,17.39263822,22.10741699,15.77859183,73.20098105,59.95635776,91.5463289
11_2011,0,0,0,0.144570043,3.193089911,3.159394455,3.757166009,5.570590315,7.747344674,5.453885201,6.494988931,5.944514785,4.393059981,6.575130823,7.953297685,7.343866567,4.624819336,3.278624967,2.899081569,2.681609757,0.412666149,2.427365248,2.665183372,1.780902031,3.664463073,1.618790309,1.799025532,2.51932153,5.650801864,0.289798513,1.74803139,0.795921589,3.046242078,2.482049052,3.840674767,0.515045661,1.099918285,3.138444983,1.513805851,3.115151743,3.176185913,1.812000453,3.619796578,5.710978541,5.493302195
12_2011,1.862792253,0,0.915577054,0.822158178,0.394646421,0.310352945,0.407218632,0.38270639,0.268838753,0.355577811,0.445696857,0.277497536,0.182632798,0.300688636,0.457222543,0.420037004,0.188109741,0,0,0.001182571,0.099104134,0.031472968,0.005407976,0.556041861,0.462946734,0.61120824,0.203129507,0.398980606,0.20668713,0.986503763,0.398093871,1.459149591,0.030664091,0.186327775,0.100056784,0.011399143,0.028429808,0.087253836,0.01372552,0.549280255,0.693125229,0.600472424,0.028061979,0.068326391,0.105993647
01_2012,0.483031571,0,0.418704212,0.600413958,0.19967487,0.232198358,0.297084156,0.248347008,0.190634163,0.285065186,0.180626856,0.107302444,0.044975532,0.204032664,0.144252754,0.152954227,0.111330872,0.00033337,0.000604363,0.000299661,0.007325356,0,0.002186529,0.438446791,0.496901294,0.460721016,0.051540154,0.226400619,0.223922681,0.563567872,0.379534377,0.635796646,0.008517836,0.000553513,0.001295716,0.013476534,0.011272077,0.022330156,0.002227687,0.26960502,0.32343399,0.469927494,0.010835337,0,0
02_2012,1.452342987,0,1.188137174,0.826097091,0.497578235,0.379163289,0.372629141,0.344884982,0.24971812,0.273163184,0.159235001,0.219697686,0.469916444,0.335041622,0.210928917,0.161407799,0.097190056,0.114302912,0.085018773,0.077482304,0.329277726,0.200377823,0.471796401,0.88681363,1.020522951,1.047106266,0.981289401,1.340587084,1.153765648,1.439549061,0.882280604,1.950875118,0.094877114,0.464268303,0.347434201,0.348928542,0.489195902,0.652573892,0.483416296,0.507077848,0.702468719,0.923216276,0.180559838,0.086970132,0.37640948
03_2012,0.015151349,0,0.021836415,0.012750704,0.001380524,0.001633313,0.007795589,0.006927342,0.012656139,0.017533503,0.021641341,0.012431896,0.014526235,0.021263827,0.025881776,0.008805542,0.005797535,0.003162242,0.00233462,0.00872661,0.000207133,0.006393477,0.000269332,0.006486869,0.008085318,0.001033666,0.026836685,0.031342601,0.015915907,0.005429234,0.013114218,0.004580125,0.002719647,0.002103791,0.004298672,0.017160077,0.048526727,0.030695955,0.017922791,0.024019188,0.00944082,0.005320782,0.015467207,0.020579182,0.010186238
04_2012,0.022305425,0,0,0.005531377,0.00827431,0.008538552,0.03791406,0.016302183,0.018783248,0.053148771,0.015735302,0.027533698,0.033764205,0.052334997,0.067196317,0.008935803,0.026406507,3.36379405,4.120171824,5.283799913,0.714034622,0.88573655,1.561769851,0.028632799,0.040030059,0.017794915,0.303431747,0.341322433,0.246337793,0.030840219,0.091166942,0.003789747,0.01934538,0.003612346,0.011250368,0.656248745,0.108462631,0.380466727,0.639722542,0.052117781,0.018002927,0.047001513,0.182980077,0.046733227,0.006895363
05_2012,0,0,0.049884737,0.056861495,0.009879318,0,0.002267556,0.356384847,3.121944094,0.094629544,3.759157748,5.862933492,9.149218108,2.255770413,1.190898616,2.541122937,6.847076823,50.46885851,50.1290362,48.45719214,49.0727759,37.62736365,55.81366356,0.000991467,0.019924038,0.012113811,10.04785317,1.208912872,4.937442739,0.023678612,0.000494309,0.016185314,16.68026733,21.02543538,22.47257308,24.01078446,22.3249283,15.35068784,38.29278044,0.369741293,0.121114712,0.00325821,11.68284379,6.384468868,12.58338687
06_2012,7.541313648,0,6.962486267,8.308015188,15.01341994,21.04641724,25.80816008,40.75487439,86.52479331,37.08342097,73.44351774,63.82453102,56.47815584,39.58584998,50.64920565,70.87672099,104.6471289,154.9675982,160.3529171,148.4103807,177.8670115,154.2053643,124.5360705,13.36937834,14.36695393,6.003744125,105.3732209,34.94237713,50.41075177,2.7139964,6.062431868,2.566640393,150.6547648,176.7528971,172.6593407,105.0612317,117.7591793,66.27413383,108.0565268,22.2015625,11.28950928,6.99578344,120.0537109,60.9572333,87.98130397
07_2012,114.2479248,0,110.0763931,138.4264323,165.6483959,157.8914551,159.9619269,203.5867008,250.5609451,174.2411734,203.6523965,168.4727698,141.8421567,141.112102,190.098347,218.8275166,225.5896615,261.9654614,278.1421686,258.2324892,292.2107088,255.881867,218.2122881,132.0737782,166.3967304,119.8930155,121.6031482,73.22818632,160.9115805,96.69930186,98.98188095,105.6429065,300.6320394,312.9431315,335.5470682,189.9898201,167.2059034,126.4665506,181.9363789,176.275631,163.5347266,132.8724536,394.3146103,423.8275862,402.505294
08_2012,288.6517944,0,280.8029785,283.0860799,316.672623,277.3049561,215.1178428,293.3934986,338.7846632,226.5690355,254.9574008,222.8960302,179.8706697,193.6048054,272.5349181,290.5726178,277.1294271,323.3123331,332.0050088,311.6885776,276.0309333,248.9059266,258.7961686,184.8744273,169.3780758,105.2811483,372.4130569,271.0180778,292.7618937,76.13499418,139.5770349,103.5107085,271.2017822,338.1895182,344.2815505,312.7593682,301.1169933,204.0889266,254.220782,314.365024,308.6480859,223.0910485,545.0900682,522.3689723,519.2010691
09_2012,186.5904541,0,203.8158569,219.5024821,266.2817071,260.43125,200.3774671,237.7514368,294.2702708,215.3625801,208.3852407,204.1641533,166.6223659,171.4582105,222.3875286,211.7131788,228.7325781,294.3170072,353.0383695,246.1639877,303.2147734,261.0574244,309.0928358,233.9530956,148.1955893,172.947876,163.9638511,89.10217569,149.9707989,127.4841049,98.08887751,219.6618737,251.821228,363.6404297,333.6099974,206.2453328,240.6775813,174.0732507,259.3876822,230.43122,239.5022461,223.1921729,403.7693517,410.3761113,428.1862664
10_2012,11.69190216,0,10.25055504,11.0734787,39.8703873,49.65158081,67.40207391,45.15676634,75.94235437,59.1079665,49.22841005,46.42494663,41.15171734,46.65387308,58.32587414,56.05411117,58.61834635,123.2211205,139.8295111,87.20408285,94.61382672,74.98447452,116.88782,42.03753157,74.21779651,34.79341888,34.16508096,29.99866574,55.12633262,12.5267334,34.7225076,9.453764817,85.84709676,98.39246419,99.85776528,45.52911932,51.48102892,46.07432914,79.23756306,37.2516564,37.65905273,20.95993584,107.4933773,152.0991548,154.175884
11_2012,0,0,0,0,0,0,0,0,0.25793307,0,0.270801931,0.309084183,0.418905961,0.09711002,0.045912033,0.221922984,0.124485842,22.32120977,34.5551049,13.95608275,22.23935679,7.50184505,15.65533967,0.088034343,0.049299683,0.00166408,0.768745951,0.20861985,0.495335984,0,0.013056618,0.000154029,3.952431997,21.55250041,12.16244742,4.119485698,4.337055039,0.765911467,7.482208389,0,0,0.031469938,11.69483895,13.62847269,17.42652973
12_2012,0.751690269,0,0.667155802,0.582024773,0.370909021,0.374441576,0.389587503,0.529818831,0.389269745,0.421780806,0.462166967,0.46605292,0.493951245,0.391447679,0.458035074,0.469487519,0.447976074,1.015409355,1.677297285,0.551588329,1.280253367,0.727523464,1.140408942,0.448388035,0.389868549,0.292649666,0.493079258,0.394654607,0.339804058,0.290850923,0.2535282,0.522353205,0.530380567,0.471106021,0.455123818,0.257544101,0.323714218,0.510994256,0.558622591,0.567657823,0.611711426,0.44624735,0.184135218,0.020303358,0.028208212
01_2013,1.442371368,0,1.258080363,1.576856295,0.786826438,0.789585304,0.817172653,0.933040224,0.831095501,0.828052227,0.90598627,0.628676481,0.273769328,0.655539891,0.851297239,0.857145591,0.497640584,0.00072943,0.00094392,0.000955673,0.001295596,0.022915366,0.000619858,0.761231042,0.663796132,0.311903477,0.059029607,0.174276685,0.242348352,0.109560875,0.204916182,0.135853989,0.09261483,0.003256935,0.09438084,0.005422347,0.010511701,0.107828389,0.005461818,1.316348384,1.190515366,0.947886957,0.160329852,0.283184907,0.262798284
02_2013,0,0,0,0,0,0.00328537,0.00800035,0.008031468,0.014417484,0.010686235,0.039690079,0.035615561,0.059759749,0.07685126,0.023088566,0.013677916,0.013323433,0.004154393,0.003147843,0.003128485,0.028510074,0.004582506,0.02050831,0.001028617,0.016399385,0.000227452,0.029337905,0.115371593,0.157783004,0,3.44E-05,0,0.001842439,0.076227832,0.051314826,0.00063459,0.002369107,0.01091269,0.00764851,0.002594221,0,0.00107024,0.042052839,0.048285953,0.086878601
03_2013,0,0,0,0.000799398,0.000154837,0,7.40E-05,0.00418029,0.012518216,0.001599308,0.003836864,0.005027998,0.016599476,0.009953383,0.002553094,0.004623419,0.003409253,0.181377639,0.046173569,0.368703499,0.002100462,0.003973356,0.002598369,0.002656838,0.000987788,0.004810159,0.055187471,0.001281964,0.025260144,0.004665911,0.000983563,0.020256967,0.004651666,0.072594515,0.029312113,0.019169359,0.079390035,0.037395585,0.016989759,0.001667842,0.000193399,0.001905507,0.023500303,0.071837606,0.076796143
04_2013,0.05322922,0,0.030054849,0.010207471,0.004326848,0.000964816,0.002348649,0.002313353,0.000830588,0.002138358,0,0,0.000474394,0.000262452,0.00066617,0,0,0.578596392,0.553362754,0.295871223,0.05025044,0.017271914,0.242053539,0.001905349,0.000414313,0.000563779,2.71E-05,0.002270316,0.003450501,0.000332855,0.00089316,0.000674718,0.00451206,0.713337262,0.246268555,0.053171059,0.007675512,0.001038176,0.098368281,0.016798544,0.009055828,0.029962644,0.05758713,0.16444887,0.450781571
05_2013,0,0,0,0.051383014,3.038371634,3.666938782,3.759736714,4.440547548,5.877293263,4.782142052,7.20141684,7.568186205,8.301020572,6.577154196,5.691075767,6.40810707,7.494275716,38.07136001,40.41205425,36.81528751,29.13336457,18.04384268,27.57876392,0.437649203,0.912135327,0,2.438674776,0,0.914497294,0,0.008834851,0,9.888543447,17.99853719,14.4352303,26.52988028,16.88380773,11.0951087,21.53512997,2.24336454,1.090880432,0.162053759,10.0671506,8.520021636,11.05506174
06_2013,1.628257513,0,2.660529375,4.051164945,14.48412956,18.67052917,16.52376516,23.86649156,38.66636169,23.10154372,49.57304753,62.61216842,83.29973402,58.41375848,30.73420529,41.06408091,55.75580729,165.0729501,172.1927766,156.5639517,102.3766716,101.0025503,126.6774954,13.79472271,24.58202741,9.992336273,56.89468595,16.89207991,52.50458089,2.113152687,7.041796049,0.174712082,66.76658122,60.62486979,62.06280585,107.4821598,103.2432332,91.50922215,112.7970327,18.88212515,9.593981323,6.398055317,35.66532249,33.23594087,47.8007941
07_2013,38.36212921,0,45.50780869,61.74636841,86.79986702,86.91130371,90.93372225,87.58935547,105.5918348,91.60693985,121.4052207,106.5703579,103.2967208,87.55776459,97.47728301,111.1505987,124.7150521,256.8218149,253.7883852,280.1703185,151.4676239,138.159161,142.79781,77.22151081,97.35563023,68.56602987,140.2873221,73.27029206,144.4857409,48.38801737,70.77497357,65.32586039,162.7520345,199.1547689,206.3518415,225.686553,190.4091479,119.8242867,152.9319647,78.54667218,77.32570801,77.90032674,266.4496677,353.6153017,320.7074167
08_2013,288.9666138,0,287.1556396,303.5541585,282.2888963,258.8269531,236.9578022,310.9974183,393.0482782,265.523738,349.607897,311.2962164,227.1760382,243.114571,281.9232565,328.3825884,374.948151,441.5681424,434.8431515,408.4157687,397.2721706,392.5030852,410.531624,202.8336613,149.0067667,148.1173503,217.3468441,91.64801167,160.9439965,118.6921958,65.17952233,168.9364224,396.0876872,349.1567057,404.3752576,242.9948762,310.0554792,255.0559613,357.6596833,313.3005409,307.4293359,231.3737223,639.8922414,623.570986,524.9611431
09_2013,144.5287781,0,155.1777649,165.4351807,183.3687874,165.6247437,142.3045333,158.8235902,165.5790731,167.9510717,180.9994193,172.8882177,144.3683568,151.0974075,175.2300638,173.566022,176.3880729,299.7449252,324.9264743,228.1061123,220.7453899,202.5710465,254.4296875,160.176119,136.1840244,142.161438,197.6749433,135.9942996,168.1146722,110.3655045,98.54220071,178.5965282,191.4443359,226.2274089,230.9325421,210.2932562,242.5767955,164.5421196,237.9539658,162.314363,191.2526953,172.7581958,295.528107,302.2469356,313.6246402
10_2013,31.32636452,0,23.55220032,27.65639242,38.02168177,60.24609375,58.41961349,61.41480334,70.74945009,63.17047276,67.94798485,58.71374228,33.57836914,42.96231482,78.81565001,76.15894755,59.76141927,91.87990785,100.4435248,63.10216116,73.72623698,57.9773338,82.28862097,30.38126138,40.46522053,14.69712575,25.16955929,17.26172443,40.43475147,6.79784442,12.55592007,1.187413709,80.62540181,124.660498,112.9282495,27.72615666,46.82187351,42.87125934,58.39423784,47.05594576,44.07195801,18.9899697,132.7985251,171.9400929,198.2781147
11_2013,0.061866336,0,0.035767458,0.030788121,0.166145903,0.117559922,0.168727398,0.544971335,1.784127393,0.382505955,1.736232036,1.158227255,1.3006905,0.836498189,0.631374731,1.304087279,3.347286784,7.341186523,6.454024776,8.784271357,11.76554582,9.312743363,7.771800589,0.317060255,0.232237763,0.167349815,2.151273117,1.808588782,1.969731248,0.855027381,1.125127877,0.656657975,7.277793248,11.12678528,9.960064228,3.413225182,5.158598978,2.423024319,5.787200243,0.458663706,0.218978672,0.121159206,8.116334411,10.74059217,10.95585391
12_2013,1.854899764,0,1.594735384,0.910569827,0,0,0,0,0,0,0,0,0,0,0,0,0,0.027957219,0.028681105,0.029481221,0.037820507,4.10E-05,0.152150357,0.367384488,0.167763267,0.385151704,0,0.070249901,0.015510619,0.421798463,0.192679149,0.83879313,0,0,0,0,0.000192125,0,0.011158711,0.013536074,0.103038216,0.397987294,0.001334798,0,0
01_2014,0.60555464,0,0.551127911,0.141738633,0.056462263,0.038829553,0.050442379,0.142072623,0.075927114,0.103746402,0.049579823,0.024438553,0.011422189,0.043060253,0.154876662,0.070923657,0.022673814,4.46E-06,1.93E-05,2.76E-05,0,1.32E-05,0,0.314559535,0.114787109,0.454035401,0.001065436,0.041421474,0.009307432,0.606680687,0.220810146,0.786931005,0,0,0,3.27E-05,0,0.000218917,1.79E-05,0.158369358,0.12398262,0.219169724,0.000707491,0.000331563,0
02_2014,0.142159134,0,0,0.016609366,0,0.00449757,0.003489326,0.016756399,0.007251418,0.004699521,0.002088612,0.00499146,0.026029985,0.016051637,0.009398917,0.00363746,0,0.000918659,0,0.000474124,0.001607061,0,0.004902582,0.034555406,0.017295011,0.064500779,0.093892101,0.001581606,0.0505246,0.094612314,0.021270008,0.022066971,0,0,0,0.015017378,0.004207783,0.028116496,0.001522305,0.00261255,0.000748562,0.050542836,0,0,0
03_2014,0,0,0,0.000198124,0.0006321,0.000500876,0.000514091,0.003465273,0.005452334,0.001555417,0.00156796,0.002601955,0.003998163,0.002430888,0.002854318,0.004094587,0.002955111,0.017388213,0.018981314,0.032619816,0.000498025,0.001797107,0.007003952,0.000515861,0.002399328,0.004095168,0.00468825,0.005570685,0.006428634,0.007399307,0.002806282,0.005411374,0.004235893,0.126492071,0.056270143,0.003038441,0.066638626,0.002753953,0.006133428,0.008650362,0.001029304,0.000252048,0.025087576,0.074509925,0.089893052
04_2014,0,0,0,0,0,0,0,0,0,0,0,0,0,0,0,0,0,0.441455808,0.169199774,0.526710306,0.010005195,0.000915894,0.223530404,0,0,5.51E-05,0,0.000675335,1.67E-05,0.000182769,0.001914262,0,0,0,0,0.053644428,0.011163464,0,0.092202054,0,0,0,0.005802386,0,0
05_2014,0.236123681,0,0.320962131,0.337790648,0.732322044,0.684023428,0.839587714,0.767655384,2.316461952,0.918856792,1.592631469,1.746241547,0.940130736,0.989371462,1.513334135,1.907333249,1.744495239,100.1613916,105.9274666,91.91671157,18.96589949,24.45512478,59.00112201,0.383976642,0.471766915,0.213777224,10.91671501,0.469028783,3.901446833,0.177843784,0.141048262,0.238993924,9.269044876,20.62409261,17.7691087,41.36008523,48.0650469,8.320026962,58.30004554,0.701392834,0.353230362,0.452599285,3.136611412,3.813087463,7.784489682
06_2014,0.606401861,0,0,0.047643721,2.791611692,5.831301117,8.42020617,9.683167205,30.52630556,12.20815179,28.78990709,38.79679267,51.1269724,34.40722887,15.82908072,23.34486664,35.68212891,113.513772,125.0652643,113.9071779,110.2007672,85.07387042,97.6906998,0.43727172,4.239516371,0.012891387,19.84264613,3.180813102,19.50159915,0,0.511244179,0,51.74923706,105.5666829,80.52295458,100.2116985,110.9720662,57.22252038,88.58867888,3.273828595,0.560195313,0.054123941,47.2463407,36.43387998,58.59503495
07_2014,7.792170048,0,7.478425026,14.19034322,38.18821164,34.62738342,52.32036711,34.51362136,57.24059466,53.54475911,87.55336122,74.20963163,93.97006065,63.21851047,59.58744403,62.12751745,86.39763021,187.4505208,200.7646484,182.7901102,173.9386613,149.9035878,145.6865546,39.53730028,66.50918123,39.23755391,113.8144854,64.16112713,134.5060051,32.13520196,48.79291094,28.54785156,117.6608378,132.4913493,135.201408,129.1754177,124.9266402,109.0696332,124.3383811,29.90798152,26.2352417,33.58002108,133.9858567,169.4313207,169.5843699
08_2014,108.3225861,0,105.6512146,120.1557821,175.3067445,178.4125977,172.9951943,193.673222,253.809997,184.2251603,213.879025,202.9128815,176.3782381,194.6826356,199.0079911,214.9320409,206.701862,259.6849626,249.710906,245.1726533,204.9887035,194.1000199,216.4061046,133.2953477,137.9729331,92.60535685,146.6434612,119.9097929,140.3689033,83.95099007,92.02469279,80.13626414,248.0099894,308.4961263,324.051511,183.713846,182.2303866,174.7027853,198.2414868,165.2796875,157.4871777,130.6442209,557.3408764,744.737069,623.3679585
09_2014,102.5708466,0,124.8499985,135.6074829,132.6365006,131.4166016,110.1671335,170.7167969,231.8560755,134.2319211,163.2663376,142.2600609,95.99909411,119.7315835,153.4782774,173.2839395,172.4310156,249.3555355,250.8518775,240.5359046,243.4186374,208.3092904,242.2951712,98.23642358,84.706047,63.67096965,153.4356951,109.7187727,124.7397305,38.69207634,55.16514436,55.6428391,247.5950928,337.3382161,324.6026356,158.1536458,158.5552402,109.8745754,178.864017,144.3582181,134.8938867,96.93356637,388.2593391,445.1570582,469.72831
10_2014,7.861764908,0,13.32234383,17.46737925,30.02378034,45.66259766,54.33905351,57.33563443,71.86203921,71.69479292,79.88415857,84.76226381,71.66475637,76.4245283,83.35184237,81.53620485,72.17983073,138.2824018,175.866778,92.38098659,134.6515519,99.56451533,142.61485,41.25529767,52.30978562,41.92813619,45.65329453,8.24626621,52.37967667,24.10075216,9.457652699,41.05315952,68.02740987,89.05644531,80.71132383,65.73229505,90.30104266,91.40752378,109.9383058,36.16379207,36.34437744,25.54485799,72.69989785,73.67383654,88.11357679
11_2014,0,0,0,0,0.006138685,0.002121983,0,0,0.005820626,0,0,0.00431292,0.100231647,0,0,0,0.045657489,0.23282413,0.729556853,0.080647472,0.34208363,0.086479375,0.326949404,0.286862538,0.367938244,0.119536926,0.017469905,0.228484132,0.281085862,0,0.176651582,0,0.179257751,0.770645841,0.351216976,0.00033311,0.000122641,0.512564883,0.149468837,0,0.104088135,0.093313779,1.794494454,1.227848053,1.047420401
12_2014,3.478715897,0,2.860758781,2.390779177,1.032468268,0.874020958,0.972355792,1.20292418,1.263037228,0.807500106,1.202949936,0.631697411,0.150494412,0.539505905,0.894497011,1.039834695,0.830947978,0.000124371,0,0.000485732,0.452573553,0.300002031,0.03688759,0.578914958,0.726775102,0.332814535,0.012300188,0.130980492,0.057981235,0.277663109,0.250101392,0.271219352,0.224973877,0.617663956,0.453113849,0.002057564,0.007247422,0.094760265,0.020798672,1.724520991,1.94602356,1.040404774,1.272084203,1.302546797,0.84392909
01_2015,1.784854174,0,2.231265068,2.169382572,0.776990769,0.620997143,0.822032125,0.692691233,0.666109844,0.661749473,0.77312686,0.599653909,0.50920376,0.818158923,0.604309873,0.614458803,0.473672841,0.0020145,0.002122963,0.005444383,0.108057125,0.046798105,0.036376537,1.26280155,1.031329057,1.31754144,0.17711929,0.541665853,0.516581456,1.576902024,0.869904661,1.423091757,0.12387223,0.190209675,0.143681097,0.032173997,0.038086353,0.286005468,0.051399441,1.159317017,1.529525757,1.752393491,0.281757223,0.158604786,0.221372153
02_2015,0.042013519,0,0.175735787,0.088823497,0.081745655,0.038602853,0.087265724,0.044823814,0.003834256,0.015677367,0,0,0.000371911,0,7.90E-05,0.000985464,0,0,0,0,0,0.001688898,0.002014354,0.251144036,0.283598502,0.494468808,0.005132584,0.049424726,0.029204674,0.636812413,0.377360402,0.762575544,0.000427023,0,0,0.062514161,0.058940745,0.008384517,0.031877,0.040972988,0.045717845,0.250919057,0.000530032,0,0
03_2015,0.01277701,0,0.027454194,0.001125026,0.002825655,0.000914948,0.001282332,0.005427081,0.005418596,0.000701022,0.000797355,0.001458742,0.00113434,0.001417755,0.001530274,0.003136985,0.002111459,0.002722411,0.000297553,0.006544211,2.34E-05,0.001329999,0.000897146,0.017173643,0.018240309,0.031428526,0.007024851,0.01974181,0.006286849,0.022228982,0.013566687,0.030360968,0.002613794,0.091664553,0.037698832,0.001896653,0.115280253,0.001058653,0.003359229,0.007034102,0.00408782,0.009802756,0.004557272,0.014537756,0.029154087
04_2015,0.026374802,0,0.0689741,0.011916673,0.038101267,0.009767263,0.025402176,0.061865417,0.104244936,0.022964566,0.024866318,0.039129529,0.069068808,0.054709057,0.029605325,0.071861126,0.045889889,2.11060731,1.842246025,2.079138277,0.163952733,0.444615455,0.867078416,0.045524138,0.036592521,0.022634394,0.172920366,0.057654619,0.06987333,0.013108586,0.042720141,0.002074968,0.219465593,0.281090196,0.412499187,0.488018085,0.394421317,0.068842299,0.663245231,0.092162961,0.084500237,0.057392562,0.304110516,0.268483787,0.156242044
05_2015,0.078615382,0,0.001159799,0,0,0,0.003169189,0.003053602,0.611209018,0.044983687,0.617580929,0.575784195,0.650000622,0.37523957,0.261921022,0.734378377,0.384590022,33.98345478,34.28084441,29.05749933,13.25799066,7.36002656,17.61936918,0.050006081,0.074067108,0.010962428,2.054672997,0.01073407,0.758212872,0.042040206,0.023989484,0.019180882,1.273368518,6.805125936,3.297605074,7.279900357,6.160962428,1.379761671,9.091314068,0,0.003879951,0.026431474,1.423459283,1.851234041,2.481227272
06_2015,0.854541898,0,0.638322711,0.110847354,4.770916229,6.40222702,4.502120972,6.006548301,10.6224306,3.938033275,4.174337851,9.114453693,7.910113686,3.209261336,2.187316895,3.956587745,12.66941976,77.58840812,80.27632781,72.08533884,80.40141997,59.52143461,93.72810007,4.199021418,3.502318134,2.964440982,6.415011667,2.028635424,3.274712601,2.2167149,1.23140544,2.096601552,48.21198527,59.30927734,54.93552541,31.76876606,47.07669097,16.78732061,62.48484357,2.977584135,1.718887939,2.766549084,35.72784213,29.08122096,45.24197548
07_2015,66.01277924,0,54.45828247,66.84546916,95.90861868,101.424707,86.69174034,103.2021821,201.2906933,96.14684746,146.0696527,139.7549964,128.1453536,94.64137124,117.1421613,168.8536437,200.5192969,264.986879,269.1696699,269.3618295,285.1108178,237.5278165,192.9512134,70.5717957,58.71445928,43.26144409,122.5182163,41.92145485,113.7282533,25.76985331,25.49291011,39.46000724,309.824056,332.8692708,371.8102679,200.3484341,180.9690039,131.0686226,172.9748634,87.88077674,82.81021484,80.45863756,397.2582615,359.5971848,403.5303762
08_2015,281.5178223,0,297.6521606,309.8866781,312.1203873,273.9120605,233.9390933,256.7695761,283.2008685,237.720002,264.4017103,255.35749,202.1694978,215.5413289,250.0190549,255.241355,283.6592969,565.3871528,561.4095262,497.930346,339.5000704,342.1705066,400.6522606,235.1532249,210.7026636,183.9429525,211.2526686,115.8000091,199.6479378,152.3333506,121.6410379,165.5696053,389.6800537,350.1894531,387.5979997,278.7811147,309.0496236,236.0410666,372.5409193,262.005018,329.603125,270.2042932,496.2398078,460.1295124,424.7450658
09_2015,176.4981689,0,193.9561462,209.4925537,232.9751496,217.1277344,178.3517167,266.8082795,326.8224363,219.7364784,270.9026077,243.5237782,178.4375771,219.8700066,250.3625667,278.2834593,262.7650521,323.4159989,360.3650454,270.1381705,270.0253906,244.6835191,279.3902718,165.0700482,149.4381305,120.4141744,195.5343183,128.873308,183.5036814,100.4107796,117.9657109,149.0280341,282.4174601,338.5387044,340.0104524,192.139881,203.6394001,166.8627887,244.6324271,256.6023137,235.4290234,177.0149314,426.8954741,414.1550714,443.7061061
10_2015,70.02922821,0,68.16403961,50.46526591,39.55321746,35.22941895,31.01503392,48.02222522,85.57769835,28.45422989,72.45936048,74.66908725,78.74708316,53.46447524,43.46744593,65.76583312,102.2258333,207.6581864,199.3245495,158.1042565,179.9546382,152.8055459,159.4662878,32.54533306,62.40633843,31.83416239,43.18180177,37.00138536,67.65683302,34.45168093,37.52418076,28.50007577,186.2325846,264.516569,244.5383328,63.65198441,86.97850442,75.83384851,124.0040289,54.42571364,54.94487305,34.30796172,248.3162042,281.1935614,302.8891859
11_2015,1.405955076,0,1.646870375,0.865266005,2.347276404,1.325996017,3.455450761,4.567188482,9.32309997,4.509239784,9.425218737,10.5828531,9.543320505,8.241319189,5.979006139,6.795305096,11.79105957,12.27411671,15.76969664,8.306700491,16.10310213,14.21557462,13.50723332,2.628348444,4.442236713,2.723231951,6.212130808,3.170583681,7.280117271,1.282469648,1.635088221,1.057188494,21.83090719,34.09929606,30.95292647,3.244086988,8.056948718,8.492922045,10.52336305,3.671575458,2.815150146,2.665381031,38.42045225,36.58271316,50.68409488
12_2015,3.786243439,0,3.300581217,3.172698339,1.497656802,1.075008202,0.952812396,1.67822213,1.707221022,0.898987403,1.88339852,1.123153864,1.016809062,0.962358223,1.275332009,1.591491324,1.323358765,0.412332029,0.823543056,0.13587997,1.905847498,0.742326384,1.532487261,1.117547975,0.871106966,0.680388848,1.382655178,1.269910413,0.807626297,0.749304345,0.595847648,1.519294213,1.107069174,1.42345047,1.283816411,0.175914104,0.298640264,0.891773522,0.384733944,2.571646822,2.7659729,1.774552532,1.201375326,1.119917771,1.001761687
01_2016,0.318704933,0,0.568847477,0.603620052,0.38698448,0.345546412,0.371501872,0.468341433,0.425105567,0.350163289,0.443562688,0.335922685,0.243594496,0.357218904,0.379247665,0.380871476,0.305900472,0.026080533,0.044850949,0.036442541,0.179388235,0.091786749,0.124994481,0.224361563,0.383757524,0.071430703,0.180679775,0.19711592,0.196464295,0.024844048,0.173636116,0.000820836,0.169933101,0.22347695,0.184895316,0.043762863,0.05572412,0.151039588,0.05524974,0.698211729,0.473262558,0.281753397,0.247592531,0.189042618,0.201527194
02_2016,2.200150013,0,1.457691431,0.803067525,0.617931772,0.332946444,0.307489345,0.32899041,0.223948618,0.180697294,0.040214539,0.117763408,0.332159921,0.182972422,0.146579556,0.084168403,0.031009769,0.128875684,0.088841623,0.079582609,0.381583136,0.231571708,0.398984179,1.016760231,1.40438987,1.145214081,1.017098908,1.397159222,1.103428562,1.289187817,1.091243946,1.586472478,0.105985989,0.490294965,0.304006325,0.311438986,0.367519196,0.531303937,0.408457632,0.463533666,0.809437561,0.943092703,0.193489316,0.118213275,0.28026887
03_2016,0.123016894,0,0.080058172,0.039956242,0.062401036,0.040290946,0.040160066,0.043080442,0.035380178,0.026383437,0.006094327,0.010963305,0.012776443,0.018404396,0.018423601,0.014570862,0.007533855,0.117905242,0.100492647,0.132332301,0.04231416,0.017693851,0.081847029,0.077884803,0.115477292,0.114206334,0.047786096,0.079974834,0.058741279,0.168662274,0.109836022,0.173063755,0.00809713,0.13098371,0.066046814,0.010543693,0.153764685,0.017981822,0.039365247,0.048699273,0.05719245,0.057824892,0.051900727,0.11437865,0.140717481
04_2016,0.012022682,0,0,0.001181871,0.0004087,0.004122989,0.012058332,0.000621406,0.031392148,0.019812211,0.013499299,0.009815849,0.01228493,0.01833612,0.026990419,0.002500515,0.003506246,7.656670464,5.509130662,10.54304919,0.011561649,0.001720348,0.344255691,0.000256739,0.013103252,0.00043182,0.020472797,0.107989012,0.058548242,0.004222108,0.012652189,0.00107629,0,0.000652764,0,1.842096634,0.658517929,0.010404983,0.940482648,0.003581557,0.007866163,0.00425526,0.142540471,0.053940592,0.00065558
05_2016,0.212608278,0,0.151056394,0.269039214,1.454324601,0.203286076,1.227587148,0.361915961,1.780186181,1.933718559,3.629011824,0.314688683,1.622019115,1.12214927,2.749795681,1.086837018,3.669914958,18.0435864,13.05144771,18.44082443,22.65568474,11.75271976,9.545115369,1.638306123,0.52766863,1.08702596,0.563611323,0.012369394,0.468713041,0.292353447,0.032641651,0.85696957,15.68732325,34.52377116,23.10369806,3.65232182,3.723797829,2.342797852,4.891030076,0.994982675,1.890113525,1.677644534,13.97059789,19.5776725,23.39358681
06_2016,5.325891972,0,4.655885696,5.811991374,10.81844768,12.07817307,14.88866224,12.35732085,19.28961241,18.18665177,35.92777726,35.017686,43.4410818,28.19664836,23.15733375,25.30723097,36.78853516,152.4306724,135.8774887,168.0025443,94.03612401,87.32016944,96.49037982,9.138895824,17.18119271,8.684508006,53.0846612,19.38541856,43.24420726,7.830210584,13.63961953,6.366979139,73.88426717,79.07096354,86.66659512,71.19943858,79.47152844,62.32622283,92.93096623,9.82103741,8.422393799,8.181463794,39.92315463,43.05683846,51.30706787
07_2016,60.82658386,0,62.33214569,82.75510661,147.899892,147.9853516,168.7375103,194.167879,221.3077784,185.1209059,263.7637774,241.975427,218.2531096,191.9243809,211.7847275,239.3016778,247.6491927,249.7829861,244.4363974,267.856681,244.3889006,233.416252,180.6452793,137.2634222,199.1538509,121.0281982,224.7731023,157.5934775,267.5497568,78.25082073,122.7337804,108.627273,290.0515544,302.3871419,316.0993089,207.6966991,193.0892089,184.8457711,176.5614665,158.3370944,119.7368945,110.9918589,293.2109375,281.6931742,291.1009971
08_2016,135.8009644,0,124.4744263,139.4863485,145.3268991,124.7970703,116.8720446,127.8030936,183.8524348,135.765337,179.5794447,184.3591252,160.677169,156.9449808,143.3730111,171.4871606,213.1084245,293.2445246,298.9347278,259.9519875,326.265625,274.6901125,279.357879,82.05060503,87.58890563,52.52878316,230.7316419,161.2692587,155.0438266,34.66934009,82.04976546,57.28565716,305.4627686,385.4686849,396.9625687,232.835092,220.6225203,164.1931386,231.5782476,132.2217398,157.0349902,118.8372883,376.9069684,337.9953192,376.6987305
09_2016,219.6343384,0,234.6187439,226.2965902,223.5845246,219.650293,190.5739875,232.6726832,272.9538835,229.7919671,264.555057,269.0625908,245.5659437,254.9799528,252.8527058,256.8912814,271.4893229,314.8519631,356.2546308,232.0205789,417.6756053,389.3061306,417.1990525,171.018562,160.2699311,124.5234375,141.1319101,77.31315861,164.5933336,85.10481425,79.21597516,145.6592134,369.1118164,399.6522786,418.3966346,161.0811012,196.6965822,228.9493037,292.0112808,211.7016827,211.2032422,170.9859448,438.9713093,478.2750202,495.6497738
10_2016,1.398943663,0,0.058179181,0,2.506828795,3.98283577,8.437516062,5.040147803,11.0781653,8.575549003,17.09863941,19.98252123,14.48657869,12.70063753,19.84457174,14.63701092,8.899786784,47.42270967,43.9203314,40.03764443,36.65248891,29.51779272,28.52911767,1.988398731,6.17722687,5.672827403,17.32425098,3.969713433,15.63137993,9.858388049,2.873861365,14.1947274,41.10388438,65.53904215,62.32546896,15.40010104,16.82445029,16.6532078,21.81270363,3.507775879,5.649202881,0.846690098,38.17811041,51.45890019,64.12097168
11_2016,1.658825159,0,0.812339187,1.416135152,1.285253565,0.931035995,0.428579933,1.671214487,1.354826992,1.200843224,2.437152759,3.556248864,3.277844881,3.031005571,1.461439551,1.032833412,2.176184489,11.19210111,12.65262333,10.44885207,9.589949324,6.4737024,12.63352934,3.979698697,1.87227156,3.72209549,3.137400813,2.795463917,4.52686588,2.102225446,2.405385701,2.84544925,7.00947698,10.40604553,9.006470397,6.897271755,5.852243106,3.297883938,7.772543048,1.531083562,3.080914001,4.175153786,7.013373013,7.618074614,8.538515593
12_2016,1.327550888,0,1.032070398,0.801928679,0.537442471,0.56299715,0.668141516,0.982741433,1.187901617,0.739123467,1.544099859,0.942861158,0.846135491,0.872838866,1.177119092,1.268185225,0.915282288,0.28054953,0.552435229,0.097107167,0.958978601,0.451671333,0.862591196,0.349218125,0.457357752,0.197067459,0.791658559,0.439217235,0.54251938,0.236173122,0.117492466,0.375428693,0.687172095,1.064945602,0.845976945,0.087810145,0.187865263,0.659030815,0.224784269,0.874904163,0.834887772,0.552518114,0.839045996,0.709344667,0.728485007
01_2017,2.529262543,0,2.395071507,2.058448156,0.731472989,0.562885094,0.601116482,0.746836344,0.5962767,0.511972476,0.474167695,0.360861446,0.198698583,0.442922988,0.519967614,0.448579945,0.358203049,0.004745045,0.006938162,0.009398215,0.038409272,0.017484679,0.021715608,0.918260044,0.556436794,0.591256539,0.078385721,0.242960952,0.239029337,0.221554695,0.298056701,0.490720683,0.086795479,0.088240536,0.082924853,0.01167671,0.014414117,0.087461065,0.01592573,1.248248643,1.505853577,1.573584013,0.198456819,0.194571791,0.159944584
02_2017,0,0,0,0,0.000272129,0.001554387,0.00408005,0.00747241,0.067957211,0.001232144,0.034629487,0.034677167,0.098775123,0.043565467,0.018404779,0.031802349,0.015145245,0,0.001334151,0.000203614,0.001753185,0.006102867,0.000393077,0,0.021077866,0,0.081101591,0.183195369,0.137057469,0,0.026809608,0,0.00537565,0.000531199,0.015555352,0.028901843,0.017138824,0.100355895,0.013559113,0.002953898,0,0,0.018335658,0.023671944,0.014833348
03_2017,0,0,0,0,0.000205287,0.000350907,0.001095619,4.09E-05,0.000912071,0,0.000322761,0.000512676,0.001223744,0.000526552,0.000155945,9.76E-05,0.001332517,0.015515542,0.004864789,0.01293854,8.82E-05,0.001374303,0.007160295,0.000614328,0.002921182,0.001210192,0.001105097,0.003078776,0.002155818,0.001403528,0.000990052,0.002642778,0.001421464,0.03860364,0.022419696,0.005717517,0.028892962,0.001882606,0.020313152,0.000314625,8.50E-05,5.06E-05,0.00560947,0.021070595,0.032710003
04_2017,0.145143569,0,0.047885258,0.078372265,0.06859265,0.012111206,0.033073752,0.078463494,0.194331734,0.048794422,0.210132225,0.259347561,0.303567937,0.184976578,0.087704734,0.124669779,0.269451955,0.396683783,0.512366787,0.427821631,1.558503297,1.28834524,0.571861835,0.139227301,0.066969714,0.081168989,0.390385895,0.25781046,0.398315365,0.068301135,0.091787342,0.026643323,0.142526368,0.413429801,0.274122008,0.094813632,0.034039915,0.72132303,0.401249154,0.154076092,0.174651566,0.157153335,1.020034702,0.608987348,0.270228411
05_2017,0.928661346,0,1.678231955,1.191473405,1.254698814,1.190432739,1.219267795,2.329220125,2.160528683,1.03092487,2.64003898,6.949689998,13.35576188,5.529569806,1.172582208,1.520280306,4.115502116,76.93813435,76.33650454,74.35971923,36.04758763,31.52229299,44.92705909,1.504579702,1.34997042,0.764749368,13.59988816,4.792265426,8.475077875,0.291819309,1.931481134,0.240734561,8.033834457,11.49333293,10.84488485,35.20366613,30.3371624,18.15871051,38.5022947,1.830761484,1.487449493,1.13192692,5.229219634,6.756589692,6.288687053
06_2017,15.09671307,0,19.72584534,23.17095947,47.87285987,59.54089355,77.17292866,44.15725743,54.32375417,67.47607422,89.5521999,109.0112418,123.3283306,92.02349278,61.2079304,61.14838947,87.7571224,171.6642795,167.5865203,146.3869133,141.3912672,133.6494576,156.55876,62.31849154,81.92407419,50.33340454,113.8393152,83.45898438,120.7029501,33.78874564,59.4187946,44.07446289,85.80506388,93.95772298,93.61669385,115.9272778,160.3315458,145.6879925,164.6437605,35.92344501,32.99618408,43.94996714,71.72602932,64.41810766,74.24545127
07_2017,121.03508,0,119.6017456,143.1083069,165.5712891,127.5766357,91.78035053,208.6210264,286.1549795,129.1649639,281.7390203,209.4714526,162.6807412,116.582584,199.9937595,274.8191919,298.861276,267.1480536,269.0863155,264.5192768,290.6198972,250.6051951,226.214449,52.27803395,60.60667215,32.17941793,83.54714573,32.59774993,101.8184302,14.73816697,19.80065324,27.03936136,317.9407552,324.2770508,330.5425395,163.3606264,160.8690846,143.8148777,176.0925413,202.9835036,168.5778906,86.76061441,342.8770205,368.1152344,356.8393298
08_2017,134.8838959,0,120.5868073,147.5862528,226.5540642,220.8318848,207.4397744,250.4773707,299.370468,218.9282352,280.4780405,275.6210029,262.4002364,237.6453236,226.7951601,272.1516393,317.0411719,387.3203793,406.2746976,329.6417026,516.4032587,457.3711186,472.4883228,143.1553102,151.592166,97.36427816,208.5322298,117.2157749,205.4599214,73.96618393,97.54487645,93.12735722,426.3569336,516.4276042,519.7474245,198.3543189,265.8806166,283.9574049,359.8393358,217.4092398,199.3031445,155.1543151,593.6345187,628.9253772,599.3560855
09_2017,75.87109375,0,77.4216156,82.68541463,111.7551737,102.9513794,81.82443719,82.55643858,88.13827367,82.06534831,76.48862437,66.1997411,73.75758121,73.56648917,75.85382527,70.98018058,68.3338151,183.1137487,194.2236328,167.8788015,147.6490709,120.4819989,132.0482048,87.18610491,87.56150037,68.23517863,165.6550382,93.29190702,141.6741071,52.47019407,71.00317951,60.3213943,110.4103394,177.165625,161.4559259,151.6922687,151.9690488,99.20443274,131.7423101,91.67949219,104.6915234,76.90968166,180.1052443,205.0322266,231.2624383
10_2017,6.757785797,0,4.756838799,4.781427701,14.80195261,10.97431564,14.50234825,9.161257689,14.74068473,17.14615885,44.30350639,47.87599927,44.92727822,45.44483804,25.13962164,20.49992596,30.06274089,50.20420172,47.21435153,41.87756301,34.88996296,42.20928294,37.50819689,14.80362925,32.15117111,10.42078273,38.22244353,6.024379996,44.41484958,0.64750647,4.313485079,9.378292741,39.34196218,55.83283691,58.68719415,29.8464366,33.21298399,46.51096298,35.28998213,12.14123817,16.71348511,5.898308585,37.1492934,50.00373788,61.34192537
11_2017,2.03852129,0,2.002889156,2.120966276,2.301992863,1.525582027,0.974201805,1.021362743,0.281061376,0.061552714,0.114935179,0.851475028,1.739593305,0.760137522,0.089473422,0.076297838,0.593064677,2.382901966,2.205803902,1.387928696,3.988184748,5.487528613,2.554051176,2.125876061,1.365438386,1.219623089,2.106668302,1.143342661,1.601528143,0.602233643,0.738970702,1.008291376,3.668165843,6.217545573,4.31331995,2.322056362,3.389449811,3.38896909,3.20595944,2.102686955,3.419241028,2.288136705,1.96919268,3.806760591,3.75355329
12_2017,0,0,0,0.075366934,0.093914235,0.069254446,0.042699224,0.003722519,0.001362053,0.003419951,0,0.002727971,0.010559204,0.007818649,0.00246242,0.004533997,0.001474718,0,0,0.000653821,0,0,0,0.258277405,0.172620113,0.195445339,0.01217959,0.211472888,0.02849163,0.172973389,0.107907543,0.381976325,0,0,0,0,0,0.000133525,0,0.014766471,0.108043947,0.211278684,0,0,0
01_2018,0,0,0,0,0,0,0,0,0.030227175,0,0.143094269,0.053917463,0.030744895,0.033991775,0.000757823,0.073284141,0.070975723,0.016440705,0.006781429,0.022062952,0.001605272,0.005145592,0.024915604,0.000315104,0,0.000349025,0.017071288,0.000390471,0.012190922,0.000101984,0.000124274,0,0.000220771,0.002201187,0.001618028,0.023841024,0.015241723,0.019058679,0.020531056,0,0,0.001694199,0.001645581,0.00094063,0
02_2018,0.108209565,0,0,0.0044741,0.001564347,0,0.00224897,0,0.000260952,0,0,0.000792182,0.002324123,0.000532893,0,0.000281406,0.001801118,9.76E-05,0.00012446,0.00050752,0.000796078,0.00044675,0.000233611,0.000993499,0.001161527,0,0.07308163,0.002415612,0.00942329,0,0,0,0.000915672,0.00028464,0,0.044045267,0.017180441,0.018450781,0.005646459,0.039541901,0.031230431,0.023904785,0.010709373,0.003455713,0.006330091
03_2018,0,0,0,0,0.000184871,0.000257682,5.14E-05,0.001155724,0.002813224,0.000348433,0.002842141,0.003443005,0.003334707,0.001931416,0.000415338,0.001348036,0.003599885,0.073167247,0.084121981,0.106346971,0.015783757,0.000567986,0.171195903,1.77E-05,1.54E-05,8.62E-05,0.001612928,0.000564263,0.000675745,0,6.41E-05,0,0.005946102,0.005365091,0.00287777,0.022394104,0.048066378,0.000172774,0.056944253,0.003544921,0.000364218,0,0.03982453,0.071111548,0.014721171
04_2018,0,0,0,0,0,0,2.43E-05,0,0.003051743,0,0.000909161,0.000769319,0.004703841,0.000245895,0,0.000910729,0.000493945,0.43474944,0.407842021,0.150849236,0.852774543,0.34015794,1.382122283,0.001169896,0.000161845,0.001566737,0.010677464,0,0.009862237,0.007130155,0.002165895,0,0.057510674,0.349152184,0.255791465,0.27555654,0.298351281,0.021621472,0.575823591,0,0,0.000127567,0.036652839,0.236139363,0.200273376
05_2018,0,0,0,0,0,0,0,0,0,0,0,0,0,0,0,0,0,0.889464223,0.081852451,2.182209117,0.134446479,0.712162285,0.254511894,0.000898618,0,0,0,0,0,0,0,0,0.064765314,0.302991104,0.420950628,0.026647551,0.228157962,0,0.3772531,0,0,0,0.042296689,0,0.012978582
06_2018,16.16698647,0,13.4028635,16.96423848,22.19199323,22.50357056,22.07767848,20.51907664,28.82552478,21.4246701,40.41843064,43.02415289,52.2702444,34.3431765,24.43012814,32.82911957,48.09741862,136.6678185,158.7177419,122.8518319,84.3572987,81.75039809,96.06961644,20.3511403,22.95761373,17.0594724,46.33563132,19.45370696,38.68575093,11.61250468,16.63258952,16.0578466,74.90786743,95.24460449,86.4643501,77.3794051,76.90205246,62.92454569,83.15123143,18.71362305,17.27233643,17.31794639,58.47041689,42.41760675,74.18151213
07_2018,5.756012917,0,5.56052494,8.756678263,31.87517142,37.36245728,47.88950067,41.19563802,84.64947095,53.90561148,95.16276921,89.04399641,119.0841,74.41472583,58.77767721,72.69345543,114.044974,212.7999299,240.2899446,177.5165829,245.9807679,180.6699841,205.7229471,32.93487136,71.72222564,33.79802195,186.7100608,94.66585665,162.7690232,29.53810152,72.05797437,20.0987612,198.6372477,240.0589193,237.541638,184.6495536,206.4204559,154.5660326,194.9533352,28.73941556,20.64118164,15.34881763,276.2378323,335.922077,308.0641704
08_2018,102.777298,0,103.4435272,121.4824524,205.5088098,217.7140625,192.2364952,228.6658136,271.2270745,206.6052434,258.8403716,220.3429097,155.657869,187.4903818,232.5698361,265.2538102,268.0207813,309.9326923,314.4835244,317.5099976,306.2789626,269.3392964,263.9173662,146.7627908,122.0458831,99.93986003,131.4726691,70.49807526,111.1362607,67.82005278,61.56525832,95.594112,295.7587484,322.1872721,333.5530134,210.1418425,190.8359226,142.3690812,213.0938201,176.24372,168.2993359,142.9407856,414.9679867,416.4239965,355.8481959
09_2018,98.49293518,0,114.5652084,125.7313436,163.3667616,154.0910156,145.4117881,175.7029791,227.0157198,180.8451522,243.3787479,234.2195222,191.6017295,201.6076061,204.5687643,217.3579182,237.474401,326.1260684,347.3250378,302.9148108,329.9249718,295.6812799,316.8183178,139.5906367,167.6992649,115.6276042,207.794129,132.9260424,210.2733875,97.80682763,104.79154,136.4176067,275.1589355,367.5036458,340.9592205,204.3045522,248.2849098,214.5283967,278.0919983,154.3827524,153.9071875,115.3736401,300.0778781,290.6353381,363.177683
10_2018,20.51908875,0,20.28713989,21.67302958,29.30147731,31.87860413,35.25906533,23.19998625,22.30314918,31.51221955,25.47855851,31.82399732,43.23705412,35.70990566,34.15728611,24.35028376,21.14271322,91.39206063,85.77998992,64.38251317,106.0297016,86.58322552,116.6435962,35.4609632,40.36588029,28.11639659,36.96999729,8.708877209,42.16184285,20.00084151,12.72220823,27.83835365,71.69028727,105.0473389,94.45731027,36.66512361,50.81983075,54.52145465,81.30814707,23.99914739,33.02856689,27.30043443,78.48493063,65.05959978,110.2441406
11_2018,1.314889193,0,1.173988938,1.236517747,2.319935088,2.497998047,2.643301512,2.004253519,2.417135442,2.446796319,3.363011953,4.000881816,5.324878893,4.560427684,2.588903101,2.461485065,3.370338542,2.172839695,3.890002343,1.444077766,4.707685591,4.827171763,4.465562861,1.688940751,2.485316479,0.960403999,2.460820063,2.11646803,4.521699365,0.582380092,0.779120738,1.188009854,5.887940725,5.213949076,5.099114722,3.052052948,3.034941752,4.214544147,3.34286978,2.56850539,2.570956116,1.138140598,4.500742945,4.14178572,4.398337916
12_2018,0,0,0,0,0.001583515,0.001284116,0,0,0,0,0,0,0,0,0,0,0,7.42E-06,0,0,0,0,0,0,9.31E-05,0,5.25E-05,0,1.44E-05,0.000158919,0.000643051,0,0,0.005124518,0.000499053,0,0,0,9.89E-06,0,0.001652764,6.99E-05,0,0,0
01_2019,0.607708633,0,0.5211097,0.388944228,0.118106568,0.120404851,0.340120391,0.309796498,0.34844067,0.47057636,0.455981538,0.375544836,0.249235053,0.473704284,0.436499852,0.342141011,0.245826645,0.018552089,0.04284315,0.013359295,0.211264241,0.079546849,0.144176067,0.051264813,0.352200245,0.050323466,0.165848861,0.347628128,0.312815164,0.285875036,0.153738881,0.234479904,0.089604785,0.240517966,0.150938914,0.040918846,0.056958157,0.128465288,0.053916101,0.31774336,0.193703461,0.120825821,0.174346562,0.171761562,0.220528
02_2019,0.535292864,0,0.425872743,0.174952626,0.117978816,0.048770952,0.041751805,0.080380884,0.072783688,0.109149933,0.008900755,0.056905508,0.137477574,0.085490389,0.053522587,0.021216357,0.006761135,0.020690229,0.012645414,0.00959769,0.104567605,0.068013343,0.25170868,0.357002316,0.299628521,0.573391835,0.240815418,0.290191362,0.203108017,0.795329966,0.421080478,1.062766042,0.034895251,0.053751397,0.032816596,0.168434143,0.274378147,0.211621459,0.204720159,0.054197194,0.107506809,0.325174349,0.074525055,0.043310634,0.061009426
03_2019,0,0,0,0,6.71E-05,0,2.26E-05,0,0.001314133,0,0.000778651,0.001054921,0.000237975,0.000104795,0.001029959,0.000643371,0.001343915,0.001083992,0.001636109,0.006588826,0.000926356,9.09E-05,0.019669497,0.000186211,0.000407028,0.001159663,0.000856913,2.67E-05,0.00019408,0.005706175,0.00151247,0.003202539,0.00048555,0.003243691,0.000166018,0.0043745,0.080252368,0.000341253,0.005701307,0,6.26E-05,0.000382748,0.005833116,0,0.000642005
04_2019,0,0,0,0.000199467,0.000221822,2.71E-05,0.001366707,0.000264582,0.000575099,0.002542176,0.000111329,0.001562266,0.00549753,0.0048066,0.007092528,0.000420016,0.000209992,2.591624203,0.238623004,2.515633652,0.009983458,0.002666241,0.261810019,0.004369943,0.001588758,0.00141104,0.001655601,0.001720027,0.002856123,3.74E-05,0.000247013,0.000255259,0,0,0,0.229683814,0.021280455,0.014103035,0.103607126,7.77E-05,0,0.003452496,0.007948254,0.006276303,0
05_2019,0,0,0,0,0,0,0,0,0,0,0,0,4.40E-05,2.57E-05,0,0,0,17.12221638,14.59546489,5.31545354,0.079853986,0.093961819,2.36373804,0.002468962,0,0.005569182,0.022814375,0,0.001450897,0.026175441,0,0.038622482,0.000248538,0.020803843,0.044160156,0.057047336,0.507502073,0.001055301,1.375816858,0,0,0.00162695,0.048001684,0.000551475,0
06_2019,0,0,0,0.345947107,0.719737357,1.736035538,8.489652132,7.959315508,28.82026509,16.19169734,36.59255569,50.97909475,52.87389494,33.59077195,21.39312298,27.02421995,70.31151042,102.2745977,110.3810011,75.32887332,208.822248,174.4855817,118.8697536,0.480435794,5.999174343,0,18.73655051,3.039276123,14.87541332,0,0.90697526,0,134.4261271,187.0193685,182.926232,46.33414079,51.71907863,46.6097359,67.34709133,1.547067848,0.070787048,0.527556304,62.29045438,27.3161116,89.16464073
07_2019,16.89243698,0,15.24613953,21.86985779,31.62066261,29.41934204,29.43234735,52.90041869,98.63049909,38.90436887,84.42203336,75.95099587,85.16952997,53.10346035,63.37922185,86.7972192,116.0859115,300.3919939,307.9023438,313.1224258,257.1555286,187.3555558,170.9954081,18.6129233,37.92135212,14.9845403,72.73982828,29.61952955,81.341243,11.90435142,21.96954488,14.29651931,198.240682,275.7736654,261.1172948,184.704816,155.806495,97.64058254,155.8852298,42.73541917,28.44145508,20.53973103,223.9207974,193.3520845,230.7061061
08_2019,138.3243103,0,158.3858337,167.0355123,233.7458444,231.7949951,205.4034488,258.6424659,297.8346291,229.9779647,248.281989,235.8425236,190.7034848,205.6248526,238.7095798,277.3447106,281.3109635,303.1455662,289.1077999,324.0037117,289.0703829,308.0178891,267.0068567,145.9096863,128.4522638,87.87178548,191.1667182,121.3893759,164.3224947,52.49692487,72.62942653,82.43118602,308.0823364,345.030013,340.9639423,194.055719,208.4596977,196.5543818,245.0720992,214.6194712,205.7968945,157.5538478,354.3389009,343.9661571,334.516139
09_2019,198.6272888,0,202.7189484,191.6271362,157.1652468,153.686792,136.3431846,144.2396956,187.5200053,152.9200471,192.3428394,170.3684366,130.4951172,146.0749005,165.4048209,181.8447426,185.2310417,262.0629841,280.2644909,253.9850635,291.978674,225.2775428,265.1136137,118.4250764,124.2424336,95.27365112,104.0013794,80.17971021,128.5934668,78.8895861,58.31132317,106.0106327,213.3377482,290.5416667,280.6017771,132.7387716,143.0198972,134.0121264,190.3886281,153.1122145,179.2645508,132.6433083,279.175018,307.3909617,312.8058697
10_2019,70.05238342,0,62.4152298,63.16127523,44.77256483,34.39515991,28.26009971,42.92023336,71.69206993,37.80701623,57.99377111,58.75006813,67.53360146,54.39156471,49.51827482,57.17602939,63.37497396,107.2726362,105.1312216,97.85199653,96.10902309,80.79774582,127.6521567,38.09150317,38.99717028,38.73409526,103.6591378,43.17180687,79.76500866,46.47013173,34.04100737,54.41958513,75.0000356,75.21772461,77.36496609,82.72209821,106.9499731,78.57038043,116.7217804,43.12647987,63.70126953,48.18303245,141.3306169,146.8815329,129.5365825
11_2019,0.000859792,0,0,0,0.006890381,0.004485464,0.00025256,0.024302211,0.038414457,0,0.074151232,0.032069414,0,0.019685885,0.000393234,0.000882021,0.060766627,3.72933986,5.595657841,3.031354765,6.535492768,2.126763216,9.479417517,0.056488937,0.179486417,0.543780406,0.01663583,0.024082139,0.018408844,0.042321806,0.212114266,0.112275913,0.056639334,4.588186646,1.398117736,0.553453586,1.209086373,0.037325366,3.107601422,0.017984412,7.65E-05,1.73E-05,0.707815762,0.730192382,1.544985319
12_2019,0,0,0,0.076778074,0,0,0.00058248,0.002381314,0.053233174,0.000820908,0.069657944,0.010923433,0.001966279,0.001437571,0.047158247,0.07928237,0.025794605,0.100524161,0.177815191,0.014057898,0.732663404,0.22956576,0.527156546,0,0,6.42E-05,0.022256444,0.001328688,0.002398271,0.001411928,0.000225991,0,0.197880944,0.681499736,0.46789534,0.016506128,0.040977744,0.01154276,0.064806652,0.004336499,0.003947703,0,0.174390902,0.274186019,0.379091614
01_2020,0.435747564,0,0.401840776,0.45877552,0.252094289,0.270023298,0.284467396,0.211250612,0.191970677,0.212191508,0.215866102,0.20975277,0.108859439,0.22152674,0.233069397,0.196588954,0.167951406,0.002821964,0.001268485,0.006301511,0.000928371,0.000312473,0.00639855,0.363385021,0.346223245,0.377525806,0.036587743,0.098473704,0.114823608,0.44462415,0.289512037,0.406723812,0.012777661,0.006485506,0.011581409,0.010203256,0.01330755,0.051905421,0.014858484,0.343186334,0.325990143,0.404392385,0.035650596,0.000427168,0.039433893
02_2020,0.142830655,0,0.057938777,0.111340582,0.204232581,0.117925513,0.094936371,0.045824731,0.028871675,0.039963817,0.006277622,0.021382301,0.082549258,0.046415212,0.024791843,0.006070986,0.004690725,0.000698206,0,2.84E-05,0.082000251,0.023764622,0.042854969,0.148382345,0.369581628,0.069324563,0.2035739,0.357456562,0.356624807,0.351621871,0.373951176,0.021043329,0.01010086,0.163082377,0.096376168,0.012068728,0.01206667,0.097453731,0.015955101,0.147711372,0.20930378,0.175620462,0.047734995,0.011142587,0.063777572
03_2020,0,0,0,0,0,0,0,0,2.16E-05,0,0,6.04E-05,0.000267246,0,0,0,9.49E-05,0.022446215,0.020117623,0.030443994,3.50E-05,4.23E-05,0.000421181,9.86E-06,3.12E-06,1.38E-05,0.001086922,0.000183583,0.000129084,0.000680816,0.000101841,9.82E-05,0.001989511,0.044241826,0.028769598,0.00067021,0.012227735,0.000351882,0.000712592,0,0,0,0.015158941,0.105301512,0.077101595
04_2020,0,0,0,0,2.61E-05,0.000237344,0.009709015,0.000244626,0.020484283,0.027204645,0.028519382,0.02061129,0.018039168,0.039065658,0.05386684,0.004911069,0.003694733,4.441135504,7.328738305,1.652383972,0.715563525,0.004029132,0.914389184,0.000178645,0.00406555,0.000659381,0.044889425,0.006285817,0.034429802,0.000120338,0.000416351,0.001091916,0,0.020977312,0.000151617,0.282366798,0.051363214,0.013135429,0.298266184,0.000269225,0,0.000202574,0.017628555,0,8.53E-05
05_2020,0.058579866,0,0.206929132,0.008515087,0.001455687,0,0.002119925,0,0.193731271,0.001102771,0.163352554,0.249894275,0.737321502,0.100916979,0.002854243,0.050656624,0.397876511,38.22797309,34.7704645,35.96042864,10.64748953,5.635248464,11.41555591,0.135898719,0.041642595,0.079525242,3.12629322,0.00595117,0.320008918,0.107414296,0.000254226,0.066371581,2.044392268,7.080528768,3.986497145,11.41689601,11.27383149,1.069900778,11.82202915,0.000149086,0.082663879,0.225345505,1.945414225,1.172761983,2.106783616
06_2020,3.672623634,0,3.784099579,2.494688352,17.30679776,22.55876312,20.74415026,24.67143442,44.36802184,21.90759434,37.03505727,43.56653684,52.59856214,34.41811155,25.97006002,38.0875064,55.48884766,182.3803753,177.5297537,148.4144217,161.8899212,129.4298865,158.6522814,7.680776037,16.37451556,3.582173665,50.0467912,24.57386673,36.37905201,2.034930615,8.162309643,2.717835525,102.0877787,134.8246582,127.1393372,117.4154745,120.9375224,63.00171111,123.6092173,14.83373836,8.518775024,4.025004449,104.1814386,91.91697535,112.2281173
07_2020,145.9985504,0,151.1001282,176.1621094,195.4770196,159.4389404,147.4043226,218.6801814,301.3106038,167.5957908,232.1397012,202.3048011,186.4261153,152.2946455,195.2159394,246.70146,289.9241667,223.7001536,233.7383285,229.3212105,341.0401886,292.7859773,240.2474651,129.8669672,151.4835292,109.8413289,210.832057,150.2353516,225.8438999,97.24229139,123.0361555,105.731942,344.6391195,411.6757487,410.9135474,192.772592,213.8730282,187.0546535,203.9533177,230.1385216,200.8358203,163.4098824,506.2595636,571.6571929,538.2602796
08_2020,120.1701813,0,118.2971497,125.5155233,128.0625416,131.2433105,126.4906584,152.4270048,179.3717195,130.7437901,161.94233,148.7574151,140.2651881,131.071547,146.3822528,164.9228035,169.0523307,309.9251469,345.2159778,226.6358507,318.6442145,254.0663316,302.9805519,126.1794085,88.83978223,91.14758301,174.7847308,101.1308594,131.9333939,65.05983004,44.89235102,111.7405459,270.7937826,412.4450195,380.0867102,155.7634436,164.1111227,149.0224864,226.8569752,141.406881,130.608623,116.6778804,550.1968391,669.9023438,656.8121916
09_2020,212.6498413,0,240.2966156,245.8881632,287.0456283,279.321582,242.600406,282.2362159,342.8027154,287.25,310.4545503,300.2413018,261.1724147,271.6282614,301.0251763,300.6274974,315.6370313,344.3751335,317.9203629,339.3414452,480.0925535,453.9460589,386.5318733,214.7457854,221.8633581,179.8360189,307.8715965,242.4644804,288.1878332,114.4679189,164.3767012,177.4500606,409.8671061,485.2352214,491.4227335,251.736641,291.271152,267.6150306,312.5435818,270.4902644,287.5994141,205.2176365,506.610273,553.4713093,551.9027549
10_2020,37.42953491,0,33.74034119,37.41349284,44.24121094,38.61798706,47.2592131,58.30224048,80.3959155,50.01488006,57.97487331,59.59666833,64.69315378,57.29097417,57.71608232,60.94695745,54.31068359,79.84418403,78.88395445,68.02945402,119.4436849,92.28960987,103.4338015,32.20564717,46.04358006,37.47658539,36.17861103,37.78226631,47.35647655,23.23000125,30.35014411,30.14533944,79.86484273,124.3870199,121.5962934,56.18231703,53.12397676,61.32913553,72.33356397,60.9743427,64.565,27.50696371,132.4862608,146.2242053,162.2251491
11_2020,0,0,0,0,0,0,0.024815396,0.008137248,0,0.108973845,0.003532098,0.011345073,0.116342193,0.001296292,0.443192645,0.121743546,0.082821712,0.002736673,0,0.000928966,0.059232884,0.000314414,0.052580336,0.009468918,0.013391573,0.009273129,3.70E-05,0.859134674,0.000727066,0.663437417,0.823000628,0,1.35888497,3.95506719,3.042390593,0,0.000890123,0.134719882,0.002695987,0,0,0.002445035,1.200873802,1.405423921,4.085648386
12_2020,1.206071615,0,1.081223965,0.931082884,0.551225094,0.379272795,0.250877305,0.30604676,0.365599697,0.266203367,0.382642102,0.306675246,0.262854476,0.274356446,0.348142763,0.32736722,0.373874257,0.006370604,0.006475149,0.000503744,0.545994149,0.230394959,0.313014274,0.451830154,0.355529094,0.268240392,0.389765422,0.265688342,0.237333042,0.317031211,0.194359358,0.425343744,0.406876882,0.456075191,0.486577506,0.047733468,0.096421499,0.247091343,0.073230264,0.325726084,0.77094429,0.618019389,0.33924447,0.32972908,0.324280588
01_2021,1.142461538,0,1.092800498,1.172689676,0.64774355,0.531103134,0.693009427,0.699508492,0.742831999,0.520047408,0.457401946,0.298201605,0.065337507,0.367264766,0.41419727,0.518066907,0.242564901,0.004073494,0.001534894,0.004772391,0.010259431,0.004666049,0.022356178,0.604529933,0.778174573,0.614680886,0.048797941,0.3676493,0.315545902,0.896798479,0.430726904,0.994578789,0.021981627,0.033987188,0.026942002,0.013459849,0.023407467,0.030153331,0.030246046,1.000193669,0.864187546,0.767526217,0.075959962,0.003309465,0.084590146
02_2021,1.560259342,0,1.251235366,0.920954863,0.547791623,0.306787872,0.274596315,0.319067374,0.223964987,0.235105172,0.133077699,0.164220477,0.28287737,0.206889314,0.177567238,0.141319494,0.109110972,0.014995425,0.011439825,0.016608291,0.140423697,0.128612713,0.054966678,0.654645533,0.719850375,0.691026211,0.461597556,0.274014917,0.461418754,0.739028119,0.402093964,1.060227624,0.096049666,0.244959688,0.193251348,0.069294339,0.136888085,0.432233727,0.165355374,0.580504843,0.763028183,0.769597562,0.214280753,0.106737293,0.222932364
03_2021,0.021613613,0,0,0.000856337,0.00149629,0.002501502,0.001149164,0.003259451,0.022723015,0.002921883,0.001902778,0.001595541,0.001500243,0.002455251,0.004542697,0.002676145,0.008612327,0.010465733,0.000575371,0.050709816,9.42E-05,0.007193837,0.005537992,0.000378935,0.000315562,0.00036107,0.001116251,0.000420043,0.000963154,4.24E-05,9.62E-05,0,0.002031801,0,0.000682624,0.000710697,0.037480469,0.002028994,0.005056453,0.005735836,0.001665192,0.000444573,0.031609116,0.000532058,0.000551804
04_2021,0,0,0,0,0,0,0,0,2.54E-05,0,0,0,0.000132287,0,0,0.001199971,1.54E-05,0.186266141,0.192761206,0.08285057,0.055657739,0.013055885,0.438892851,0,0,0.001444553,0.001717467,0,0.000773929,0.014430884,0.000533797,0.007836176,0,0.000180082,0.001643037,0.04032777,0.020615875,0.005914563,0.172179218,0,0,0,0.100272409,0.012398777,0.000147596
05_2021,0.069274448,0,0.013286471,0,0.00138847,4.24E-05,0.000122764,0,0,0,0,0.05846028,0.143953198,0.001057458,3.60E-05,0,0,27.0291049,26.40538763,12.80222364,1.021408081,2.075366366,0.681972422,0.027924204,0.028630923,0.069164624,0.799132898,0.281592591,0.183922481,0,0.496477252,0,1.258438269,0.380682055,0.631433592,0.859042015,0.267370395,0.349473439,1.996691648,0.001018536,0.027849858,0.030903787,1.096183338,0.323938205,0.275206114
06_2021,8.419542313,0,9.226583481,12.9382871,35.03316157,37.29552612,45.37535979,36.00217482,49.48267313,50.92719288,68.38683092,75.28297602,81.66598993,65.99153339,54.2350181,55.40661021,68.99783203,128.8713608,128.4855248,132.7163554,111.9762634,101.249067,97.27866315,31.21865088,47.06342274,24.00041707,52.02537773,13.38508216,56.18844949,10.37877574,16.01360168,13.61573634,96.02512614,106.3797201,103.9219609,88.26315611,94.58441384,85.00785496,93.2323956,24.65117751,21.26635498,26.12941735,86.76817304,64.80121902,82.9087942
07_2021,17.72688484,0,16.77703094,21.92792257,46.33035863,39.76003418,41.92695056,69.99117726,98.69819478,62.6968149,129.8384713,114.6786314,138.0929019,83.00298496,90.16528916,109.2347752,133.1020052,171.8828626,190.641066,162.763829,280.7217589,235.6409733,200.2470495,16.3283104,43.32023176,5.968743642,139.4822865,61.96826172,129.9567064,0.792634436,29.79876206,1.704771634,199.0583496,256.1588542,242.6113496,125.5757238,167.7331501,173.0895211,182.0091087,52.13719201,38.55765625,21.00632712,205.4692663,229.4294349,252.0667146
08_2021,390.3582764,0,401.4124756,428.0321045,375.8844747,334.108374,313.0754266,379.0603897,389.7676729,317.2897887,350.8328758,320.3872184,272.024337,298.7958063,338.5958937,358.3977651,311.8021615,423.7725027,436.5655872,439.0766583,392.0024634,334.7006867,354.6006483,294.3728266,297.99797,241.9350993,377.525165,291.297193,357.5534382,187.8795296,249.6616345,230.5978583,324.295105,373.4203125,389.9539835,311.9724364,333.1296606,290.604178,340.8081558,392.0600361,415.7525781,335.494962,431.8558728,414.4474003,399.7049239
09_2021,120.5816498,0,135.6873169,134.6912435,107.4956782,102.1030762,99.42006322,106.2306371,181.1797633,103.9812513,168.2363677,155.9052507,139.2278988,140.2531139,118.6214629,135.0641489,164.7879427,247.009365,255.852287,213.6290559,294.9832137,248.369576,275.5672581,119.2947897,111.1838091,76.37659709,132.6966533,75.91929733,131.7657,61.04032476,85.39191332,75.46171202,269.5992432,310.9998698,323.2657538,135.8800561,174.7311185,171.2245245,238.4951128,118.2140325,113.617207,98.18894203,363.1503008,348.7062567,357.3829667
10_2021,31.56580544,0,29.34115601,30.04432424,38.07213576,33.4041687,40.12544652,50.29331111,71.20515872,40.61621094,46.84834248,51.41476086,57.38101999,42.0305314,52.76944788,61.04231237,49.9270638,154.4749933,158.117471,121.9753352,119.0359129,115.149694,120.5735123,34.94728765,37.28970073,24.75201925,25.54869598,6.405252856,40.1757521,15.32845745,14.95517723,15.58728027,85.82249959,106.5878743,98.01856542,48.72304518,80.15789316,68.35541355,106.9058997,45.32030123,43.22392578,33.15997828,61.34156677,71.50733264,86.65604441
11_2021,0,0,0,0,0,0.001461311,0.001269057,0.019350636,0.022333485,0.001141078,0.427974237,0.751737373,0.983955283,0.802193048,0,0.053996563,0.630264028,2.156255478,2.337722778,1.961129609,2.551729219,2.750166778,1.466139124,0.000618978,0.061423219,4.44E-05,0.297300131,0.076132187,0.20580648,0.000259709,0.006720162,0,2.208447138,3.723898315,2.67279036,1.345706164,2.099697602,0.363136789,0.857743062,0,0,0,1.517726854,1.597866848,3.299570184
12_2021,0.654517353,0,1.292096138,1.216250896,0.304213788,0.0415434,0.02978445,0.015374474,0.041174912,0.004704668,0.001295311,0,0,0,0.021699996,0.003460017,0,0.029444159,0.00976522,0.013807529,0,0,0.010326269,0.422429967,0.216745872,0.303959052,0,0.111063946,0.019311177,0.347859809,0.211604435,0.526514251,0,0,0,0,0,0,0.000153638,0.129928794,0.583014984,0.609829769,0.010122252,0.002439262,0
01_2022,0.436166286,0,0.346130103,0.333253384,0.319598218,0.441312408,0.534659235,0.420383716,0.167922974,0.484694114,0.204128691,0.156714218,0.082014711,0.316551784,0.351449687,0.156597028,0.069051247,0,0.000116459,0.000281117,0.000105141,0.000285349,0.000134336,0.311868338,0.512998986,0.373333295,0.046068267,0.175584205,0.179276944,0.658592468,0.177107813,0.61935997,0.000757924,0.00086076,0.000291603,0.004199467,0.000869103,0.020640916,0.000299653,0.580730849,0.319452667,0.339870774,0.003181339,0.000333088,6.11E-05
02_2022,0,0,0.38451907,0.283379992,0.245626084,0.084018272,0.047484219,0.034030679,0.014440053,0.005178537,0.000657472,0.00187746,0.001105232,0.003743598,0.00382815,0.00230794,0.000552128,0.000160723,0,0.000348985,1.97E-05,0,0,0.164892369,0.250087438,0.08456254,0.002556842,0.05495088,0.029669959,0.051987278,0.069313259,0.087298887,0,0.000141119,0.000173381,0.000126276,0.003141165,0.000621485,0.001132168,0.121402476,0.289576664,0.223495412,1.61E-05,0,0.000155596
03_2022,0,0,0,0,2.47E-05,0.000993737,0.004729685,0.006169264,0.03071753,0.009929445,0.020811825,0.017702535,0.036763731,0.01793443,0.021265056,0.011643103,0.016697898,0.003344039,2.47E-05,0.002598769,0.005203187,0.017335324,0.003859493,0,0.002331494,0.00013022,0.041798626,0.014056405,0.024183761,1.54E-05,0.001053961,0,0.023160761,0.241391865,0.144941707,0.002071951,0.054763152,0.06814212,0.030011908,0.004016582,0.000327693,0,0.145877838,0.232435802,0.272229245
04_2022,0,0,0,0,0,0,0,0,0,0,0,0,0,0,0,0,0,0.325616233,0.349859422,0.230075062,0.00998205,0.000914247,0.221018223,0,9.06E-06,0,0.006519497,4.59E-05,0.000412023,0,0,0,0,0,0,0.030578553,0.005779868,0,0.087820643,0,0,0,0.005802385,0,0
05_2022,0,0,0.219078973,1.721564929,7.961818614,11.0352066,13.8473318,14.33411767,23.81216342,17.24309833,27.20010623,27.19345022,22.28045815,19.45926537,23.28603456,27.16426862,34.57789063,52.59543603,50.60501197,44.77036937,52.78984551,50.39756046,56.95693255,4.247614122,7.447653943,0.757998149,32.47209867,23.21066497,20.60707623,0.256166864,5.492795529,0.025414479,46.70756531,55.76806641,49.87048206,43.52816812,48.17646839,26.98244098,47.20462707,6.907198392,5.079503174,3.59985209,53.08416959,35.99211173,56.60638749
06_2022,21.40990829,0,25.24938774,34.26646932,52.29004945,59.53601074,53.57517925,67.38218952,82.89589654,58.80608348,88.6233636,89.82614349,81.61510588,70.12129643,73.01036704,85.41923348,102.339987,204.057926,209.1955645,185.0256226,183.6606489,155.5444118,194.7774269,33.80306479,37.69853054,18.19761276,111.19967,59.01556255,69.02641091,13.61041,25.11350216,17.27377425,128.8841451,157.8882487,154.745965,124.946919,160.6831531,111.7049507,164.5956068,54.14392278,46.76493652,31.87706036,137.9371745,130.2186574,152.3998124
07_2022,172.878952,0,165.1563721,190.0904541,156.0061087,127.576123,117.8933876,174.9817372,229.3404505,117.1452073,169.8935547,151.6061274,156.6297672,115.4600991,145.5287014,196.2837154,205.1323307,187.5559896,190.391318,177.4568217,179.5541244,187.5405305,150.7668197,106.7795025,116.400529,79.33078512,172.9665584,99.45644077,202.4040512,49.57922623,75.42088399,69.15172919,215.7069092,205.8004557,229.7294171,159.3269413,145.0292035,169.0805367,164.6142622,186.4396635,179.4719531,133.4374452,383.9436063,492.3184604,304.650185
08_2022,237.4138031,0,204.3133545,223.8613688,232.9064993,235.8571777,180.9938322,251.3780083,293.2310376,177.9852764,192.856894,169.147813,126.7771125,135.1233601,187.0381812,217.673572,224.8799219,273.5122863,301.6964466,247.5355454,338.3487824,272.7949841,285.9581117,184.5237753,128.1648314,153.0008443,226.9109942,162.2586869,169.0977146,139.1295192,104.9920554,183.0489123,276.3557332,339.3473307,360.157409,207.4551373,242.5871176,151.7942765,236.7870656,257.770613,232.1989453,191.675617,460.2859644,533.4805361,483.3983861
09_2022,230.6658936,0,245.7679291,242.4563599,226.0019947,190.8028442,148.9526239,221.9856322,240.7753717,181.3490961,223.7160051,206.4851472,199.4111842,191.1949993,213.4699171,231.6178599,221.7444271,223.6414931,214.7614982,215.8046725,316.8050394,264.1693123,258.2192902,137.9988399,154.2360974,103.9909261,251.0692554,115.6260901,206.2372401,85.87117686,97.99665533,114.9245858,275.2129313,320.2428385,328.649618,226.8825081,256.3536687,218.7460258,246.0929617,246.4565204,229.8767969,156.1027125,353.6415454,376.9110991,362.8608655
10_2022,68.62762451,0,60.07426453,61.29182943,39.007719,33.37871094,39.10111919,53.59889098,89.19381447,48.90907014,112.6633235,111.9278025,99.90711734,93.65526422,83.75270937,90.82010438,109.3023438,100.1757562,118.2796749,77.57260237,196.9862401,166.7467033,177.6921958,27.49733832,52.33120463,19.09977595,53.61684909,29.30116733,66.80301339,10.00960654,19.95992584,13.75649919,163.9256388,221.6360352,206.1719609,60.13150619,81.55969168,91.82284307,115.3136474,56.06294321,70.12720703,39.3658915,156.1108118,169.0353415,214.9803403
11_2022,1.993693709,0,1.522344589,1.450664679,1.526156486,2.028258896,2.477538661,1.315122495,2.623945218,2.023578742,2.483222755,2.868877145,2.532006916,2.449101862,2.336850422,2.299093778,2.76389445,1.331867055,2.80653529,1.373379879,0.829240679,0.833638768,0.98457515,2.092513923,2.511380413,1.269633293,1.014619834,1.135202009,1.666330301,0.225043134,1.031358392,0.553495078,0.907972336,0.391315015,0.341114086,1.009067816,1.490135995,2.381315812,0.962641421,1.36184845,1.694093018,1.609737218,1.099425919,0.754436822,0.558561225
12_2022,0,0,0,0,0,0,0,0,0.014652794,0,0.058503473,0.067529462,0.210252674,0.013263678,0,0.021469419,0.150573298,0.000799006,0.000407959,0.003579725,0.731051265,0.239956024,0.392026739,0,0,0,0.37726457,0.20104304,0.137929644,0,0.000219211,0,0.383078456,0.569531568,0.548507229,0.05096213,0.117791382,0.345757924,0.085209996,0,0,0,0.32323982,0.444077525,0.36819325
