FID,COUNT,AREA,SUM,aug_22,nov_dec_24,oct_24,recur
4,62960,0.001982994,7733,0.122824015,0.076626529,0.121163602,3
8,177064,0.005576825,319,0.001801608,0.002837736,0.168068933,3
19,1656576,0.052175682,24360,0.01470503,8.74323E-05,0.062279964,3
20,1271083,0.040034156,11427,0.008989972,0.000338707,0.057015287,3
21,155676,0.004903187,701,0.004502942,0.005866119,0.031459333,3
22,1959206,0.061707347,8637,0.004408419,8.82043E-05,0.018526899,3
28,42531,0.001339561,449,0.010557005,0.007843321,0.02291026,3
52,6395322,0.201427697,137,2.14219E-05,3.405E-05,0.000256517,3
57,211100,0.006648827,60,0.000284225,0.00084686,0.003746257,3
59,665752,0.020968591,57,8.56175E-05,0.000358656,0.001128108,3
62,423600,0.013341748,452,0.001067044,0.000702736,0.001258757,3
78,4867341,0.153302256,14121,0.002901173,0.021106739,0.029006836,3
79,2632546,0.08291493,14444,0.005486704,0.023117045,0.046032205,3
80,993493,0.031291154,219,0.000220434,0.003202347,0.020252188,3
138,249848,0.007869237,445,0.001781083,0.000351811,0.000751285,3
149,958825,0.030199247,2797,0.002917112,0.001040721,0.021025994,3
155,920503,0.028992254,861,0.000935358,0.000108513,0.000357944,3
162,677106,0.021326198,1985,0.002931594,0.007837902,0.057817226,3
163,837187,0.026368125,3992,0.004768349,0.003504217,0.020100011,3
165,173268,0.005457266,1004,0.005794492,2.30597E-05,0.005658899,3
207,1452577,0.045750509,2222,0.001529695,0.001798947,0.011275043,3
209,1178567,0.037120263,9468,0.008033485,0.000254261,0.040851874,3
210,2270633,0.071516082,1194,0.000525845,0.000106461,0.015233853,3
236,185441,0.005840668,1045,0.005635216,0.000339367,0.013199544,3
238,876026,0.027591402,2643,0.003017034,0.000270249,0.005710358,3
278,391106,0.012318313,474,0.001211948,0.000664002,0.002928344,3
280,481796,0.015174695,546,0.00113326,0.000354544,0.001916983,3
294,1571785,0.049505096,3896,0.002478711,0.002224879,0.001426116,3
322,312938,0.009856326,7,2.23686E-05,0.000443697,0.002007013,3
324,3676115,0.115783283,13922,0.00378715,0.00656136,0.014784317,3
325,2394183,0.075407426,581,0.000242672,0.00112565,0.000152638,3
326,1653508,0.052079052,78,4.71724E-05,0.001092212,0.000771726,3
328,795051,0.025041005,5111,0.006428518,0.003141976,0.034033314,3
338,635417,0.020013157,641,0.001008786,0.000565942,0.043436721,3
351,335499,0.01056691,1008,0.00300448,0.000449569,0.009672389,3
355,478270,0.015063639,743,0.001553516,0.004960359,0.067443807,3
382,470181,0.014808867,703,0.001495169,2.97402E-05,0.001286829,3
383,756304,0.023820626,3074,0.004064503,0.004548799,0.006757007,3
388,1632396,0.051414107,18648,0.011423699,0.001113057,0.027044748,3
389,2088028,0.065764737,1316,0.00063026,0.003176509,0.023579571,3
390,3392573,0.106852816,42845,0.012629058,0.00801182,0.020645679,3
392,4653729,0.146574311,71,1.52566E-05,4.52895E-05,0.002864962,3
393,1570320,0.049458955,2223,0.001415635,0.000396943,0.00397786,3
394,772842,0.024341508,4571,0.005914534,0.001476087,0.013153815,3
400,19690,0.000620158,161,0.008176739,0.00598529,0.078479087,3
430,1153056,0.036316766,2435,0.002111779,0.000901753,0.000148949,3
431,415393,0.013083259,659,0.001586449,0.000827243,0.001182658,3
438,4490207,0.141424006,266,5.924E-05,1.53497E-05,0.000106291,3
457,6546015,0.206173939,138,2.10815E-05,0.00147374,0.005498524,3
458,3123420,0.098375547,8858,0.002835994,0.000105217,0.023940888,3
474,964429,0.030375752,1403,0.001454747,6.62897E-05,0.001378076,3
488,483334,0.015223136,193,0.00039931,0.000105396,0.001125775,3
500,416770,0.013126629,112,0.000268733,0.000148602,0.000448019,3
501,244364,0.007696513,4043,0.01654499,0.000237098,0.076742029,3
504,1057209,0.03329796,70,6.62121E-05,0.000210699,0.004953679,3
507,827202,0.026053636,5193,0.006277789,0.000172714,0.006187556,3
508,703659,0.022162514,2129,0.003025613,1.7034E-05,0.013522411,3
509,639831,0.020152181,1998,0.0031227,0.000881842,0.002637324,3
544,6444915,0.202989683,6443,0.000999703,0.000288274,0.004134916,3
545,10279965,0.323778799,4320,0.000420235,0.000446393,0.004786876,3
23,89763,0.002827184,645,0.007185589,0,0.193872784,2
49,2352099,0.074081944,0,0,5.13855E-05,0.00082397,2
50,2315888,0.072941438,0,0,3.75245E-05,6.03623E-05,2
53,2681418,0.084454208,0,0,0.000100583,0.00019028,2
68,1814028,0.057134806,0,0,0.004167282,0.005783828,2
75,757309,0.023852279,613,0.000809445,0,0.000510248,2
76,68414,0.002154774,0,0,0.042595134,0.057086155,2
82,10533,0.000331748,0,0,0.000189322,0.010228241,2
83,17195,0.000541575,0,0,0.052267844,0.151207337,2
137,440434,0.013871953,3649,0.00828501,0,0.002951605,2
139,1020635,0.032146021,583,0.000571213,0,7.04352E-05,2
148,454472,0.014314095,533,0.00117279,0,0.000118646,2
150,361381,0.011382092,81,0.00022414,0,0.01266239,2
164,759653,0.023926106,3158,0.004157161,0,0.039326072,2
171,27206,0.000856883,0,0,0.017909571,0.053935058,2
172,2807824,0.088435504,0,0,0.058056494,0.023119998,2
173,3851389,0.12130373,0,0,0.012371502,0.005712884,2
174,3502854,0.110326237,0,0,0.031039138,0.021417658,2
176,31691,0.000998143,0,0,0.002046084,0.009754563,2
177,15868,0.00049978,0,0,0.046401813,0.001006923,2
204,46994,0.001480128,72,0.00153211,0,0.001403121,2
223,1945522,0.061276354,0,0,0.002339632,0.001152673,2
224,2253877,0.070988334,0,0,5.76147E-05,9.56892E-05,2
226,2271993,0.071558917,0,0,0.000220706,5.27368E-05,2
255,601906,0.018957691,139,0.000230933,0,0.042264479,2
267,45727,0.001440222,832,0.01819494,0.001354362,0,2
302,3786957,0.119274374,0,0,0.000539938,0.002964888,2
303,2005458,0.063164104,0,0,0.000675392,0.001409474,2
307,799056,0.025167147,0,0,0.001237563,0.005660611,2
308,21996,0.000692788,76,0.003455174,0,0.075505108,2
309,1836030,0.057827783,0,0,7.61667E-05,0.002219891,2
310,807731,0.025440376,0,0,0.004136565,0.015728604,2
315,1389461,0.043762602,0,0,0.000328547,0.000256546,2
321,1228034,0.038678281,0,0,7.89002E-05,2.35795E-05,2
354,47056,0.00148208,199,0.004229004,0,0.01241353,2
367,517034,0.016284554,66,0.000127651,0,0.000249136,2
368,768405,0.02420176,1324,0.00172305,0,0.000119543,2
369,428701,0.013502409,1253,0.002922783,0,0.002454851,2
371,482063,0.015183104,85,0.000176326,0,0.001485062,2
381,787509,0.024803462,708,0.000899037,0,0.000408276,2
386,516217,0.016258822,67,0.00012979,0,0.006574366,2
387,671217,0.021140717,242,0.000360539,0,0.018700667,2
391,70700,0.002226774,101,0.001428571,0,0.033816425,2
437,4477510,0.1410241,389,8.68786E-05,0,0.000158551,2
491,1094126,0.034460701,12,1.09677E-05,0,6.38806E-05,2
492,1588460,0.050030294,1459,0.0009185,0,0.000224403,2
494,537144,0.016917941,2765,0.005147595,0,0.00889649,2
498,422048,0.013292866,493,0.001168114,0,0.0013391,2
499,643402,0.020264653,2748,0.004271047,0,0.018097848,2
503,330592,0.010412358,807,0.002441075,0,0.009296117,2
505,254319,0.008010056,208,0.00081787,0,0.000369083,2
524,4271795,0.13454488,0,0,0.003687473,0.000278611,2
525,4294985,0.135275274,0,0,0.002506203,0.000476811,2
529,508723,0.01602279,0,0,0.000789401,0.000657573,2
530,1881880,0.059271879,4999,0.002656386,0,0.00011991,2
548,2062357,0.064956201,0,0,0.001757651,3.58261E-05,2
2,70142,0.002209199,0,0,0,0.05667924,1
3,34359,0.001082174,108,0.003143281,0,0,1
5,88308,0.002781358,0,0,0,0.000757644,1
32,3085904,0.097193939,0,0,0.00013498,0,1
33,2769872,0.087240164,0,0,0.000230079,0,1
34,1580296,0.04977316,0,0,0.000142854,0,1
35,891859,0.02809008,0,0,6.27137E-05,0,1
38,986745,0.031078619,0,0,0.000132609,0,1
40,107999,0.003401547,337,0.003120399,0,0,1
41,1839870,0.057948728,0,0,0,0.000113422,1
43,6321884,0.199114686,0,0,0,0.000122246,1
44,6203271,0.195378839,0,0,0,1.12673E-05,1
45,4992559,0.157246134,0,0,0.000198477,0,1
46,3145348,0.099066193,0,0,0.002257639,0,1
47,2632385,0.082909859,0,0,0.00017493,0,1
48,5013367,0.157901505,0,0,7.83025E-05,0,1
51,61735,0.001944412,0,0,0,0.020734607,1
64,283809,0.008938876,0,0,0,0.000485444,1
65,990022,0.031181831,0,0,0,0.000126067,1
66,3203503,0.100897849,0,0,0,0.002525008,1
70,3931507,0.123827135,0,0,3.68388E-05,0,1
74,337873,0.010641682,0,0,0,0.077332671,1
98,1069209,0.033675913,0,0,0,0.000107386,1
99,1303552,0.041056803,0,0,0,5.89795E-05,1
100,1249215,0.0393454,0,0,0,5.99454E-05,1
102,2585403,0.08143011,0,0,0.002629223,0,1
107,1125156,0.035438025,0,0,0.000258341,0,1
109,566355,0.017837973,0,0,0.000664922,0,1
111,869955,0.027400189,0,0,0.000346756,0,1
115,2077119,0.065421146,0,0,4.1357E-05,0,1
117,3445533,0.10852085,0,0,2.17429E-05,0,1
125,557643,0.017563579,0,0,0,0.00040646,1
130,21460,0.000675906,162,0.007548928,0,0,1
142,181982,0.005731723,0,0,0,0.000411475,1
156,2569667,0.080934487,0,0,5.48093E-05,0,1
158,2044532,0.064394783,0,0,3.66431E-05,0,1
161,41975,0.001322049,0,0,0,0.002307217,1
166,584402,0.018406383,237,0.000405543,0,0,1
168,3076434,0.096895671,0,0,0,0.000204795,1
170,12001,0.000377985,0,0,0,0.005325788,1
190,1296966,0.04084937,0,0,4.85197E-05,0,1
194,56358,0.001775057,12,0.000212925,0,0,1
205,548440,0.017273721,0,0,0,0.000309514,1
206,655267,0.020638355,0,0,0,0.00012038,1
208,124083,0.00390813,0,0,0,0.069632324,1
216,1602720,0.050479428,0,0,0,0.000582501,1
217,2682876,0.084500129,0,0,0,0.000130257,1
218,4384185,0.138084726,0,0,0,0.000181513,1
219,1226683,0.03863573,0,0,0,0.00017256,1
220,515428,0.016233971,0,0,0,6.7804E-05,1
221,351787,0.011079918,0,0,0,0.000754938,1
229,54649,0.00172123,65,0.001189409,0,0,1
234,3303189,0.104037569,0,0,2.23777E-05,0,1
244,3001720,0.094542471,0,0,0.000109154,0,1
246,2929711,0.092274469,0,0,5.14871E-05,0,1
247,3282012,0.103370576,0,0,0.000664965,0,1
249,2472220,0.077865287,0,0,0.00011879,0,1
254,609292,0.019190321,0,0,0,0.001361766,1
258,1788504,0.0563309,0,0,0.000449598,0,1
264,2404045,0.07571804,0,0,0.000195696,0,1
275,43892,0.001382427,0,0,0,0.003320974,1
282,1486008,0.046803456,0,0,0.000365677,0,1
295,863223,0.027188157,93,0.000107736,0,0,1
301,15996243,0.503819258,0,0,0,0.001326348,1
342,1496559,0.047135771,0,0,8.14353E-05,0,1
379,677473,0.021337757,0,0,0.000355341,0,1
406,278521,0.008772325,54,0.000193881,0,0,1
407,465805,0.014671041,749,0.001607969,0,0,1
410,417748,0.013157432,153,0.00036625,0,0,1
429,788124,0.024822832,88,0.000111658,0,0,1
442,3051039,0.096095827,0,0,0.001014601,0,1
443,961140,0.030272161,0,0,0.000965482,0,1
444,1419406,0.044705752,0,0,0.000159748,0,1
446,372720,0.011739226,0,0,0,1.87508E-05,1
452,58970,0.001857325,0,0,1.69466E-05,0,1
456,10134,0.000319181,0,0,0,0.000492514,1
462,204720,0.006447881,531,0.002593787,0,0,1
464,151967,0.004786368,783,0.005152434,0,0,1
472,893130,0.028130111,0,0,0.00011855,0,1
481,328875,0.01035828,163,0.000495629,0,0,1
496,776601,0.024459902,0,0,0.000118333,0,1
497,636977,0.020062291,0,0,0.000100361,0,1
506,265261,0.008354687,0,0,0,0.001257161,1
510,677751,0.021346513,1500,0.002213202,0,0,1
517,221702,0.006982748,145,0.000654031,0,0,1
519,504059,0.015875892,62,0.000123001,0,0,1
527,769663,0.024241382,0,0,0,0.000287981,1
528,634526,0.019985094,772,0.001216656,0,0,1
534,9111625,0.286980646,0,0,0.000376463,0,1
543,24398,0.000768442,0,0,0,0.003150315,1
547,1859124,0.058555154,0,0,0.000236417,0,1
550,1172192,0.036919476,0,0,8.52142E-07,0,1
1,127250,0.004007879,0,0,0,0,0
6,73822,0.002325105,0,0,0,0,0
7,56531,0.001780506,0,0,0,0,0
9,50902,0.001603214,0,0,0,0,0
10,101062,0.003183059,0,0,0,0,0
11,91486,0.002881452,0,0,0,0,0
12,41768,0.001315529,0,0,0,0,0
13,110452,0.003478807,0,0,0,0,0
14,29029,0.0009143,0,0,0,0,0
15,181617,0.005720227,0,0,0,0,0
16,40179,0.001265482,0,0,0,0,0
17,27449,0.000864536,0,0,0,0,0
18,408080,0.012852928,0,0,0,0,0
24,11714,0.000368945,0,0,0,0,0
25,11569,0.000364378,0,0,0,0,0
26,19374,0.000610205,0,0,0,0,0
27,36883,0.001161671,0,0,0,0,0
29,364921,0.011493588,0,0,0,0,0
30,307799,0.009694468,0,0,0,0,0
31,419508,0.013212866,0,0,0,0,0
36,1116901,0.035178025,0,0,0,0,0
37,812641,0.025595022,0,0,0,0,0
39,26731,0.000841922,0,0,0,0,0
42,663586,0.020900371,0,0,0,0,0
54,18989,0.000598079,0,0,0,0,0
55,14795,0.000465985,0,0,0,0,0
56,581625,0.018318919,0,0,0,0,0
58,111793,0.003521043,0,0,0,0,0
60,1293977,0.040755228,0,0,0,0,0
61,549770,0.017315611,0,0,0,0,0
63,760483,0.023952248,0,0,0,0,0
67,1738560,0.054757858,0,0,0,0,0
69,30199,0.000951151,0,0,0,0,0
71,3069333,0.096672017,0,0,0,0,0
72,1958041,0.061670654,0,0,0,0,0
73,7851636,0.247295907,0,0,0,0,0
77,57032,0.001796286,0,0,0,0,0
81,7744,0.000243906,0,0,0,0,0
84,732537,0.023072058,0,0,0,0,0
85,458919,0.014454158,0,0,0,0,0
86,42427,0.001336285,0,0,0,0,0
87,257738,0.008117742,0,0,0,0,0
88,798378,0.025145793,0,0,0,0,0
89,1039855,0.032751376,0,0,0,0,0
90,1078998,0.033984228,0,0,0,0,0
91,32019,0.001008474,0,0,0,0,0
92,14445,0.000454961,0,0,0,0,0
93,12556,0.000395465,0,0,0,0,0
94,499,1.57166E-05,0,0,0,0,0
95,5102,0.000160693,0,0,0,0,0
96,6564,0.00020674,0,0,0,0,0
97,810838,0.025538234,0,0,0,0,0
101,738318,0.023254137,0,0,0,0,0
103,1164526,0.036678027,0,0,0,0,0
104,621941,0.019588716,0,0,0,0,0
105,1109857,0.034956166,0,0,0,0,0
106,472183,0.014871923,0,0,0,0,0
108,243659,0.007674308,0,0,0,0,0
110,362659,0.011422344,0,0,0,0,0
112,635370,0.020011677,0,0,0,0,0
113,185786,0.005851534,0,0,0,0,0
114,55984,0.001763278,0,0,0,0,0
116,2484804,0.078261634,0,0,0,0,0
118,2325253,0.073236399,0,0,0,0,0
119,1293158,0.040729433,0,0,0,0,0
120,902433,0.028423119,0,0,0,0,0
121,585158,0.018430194,0,0,0,0,0
122,39659,0.001249104,0,0,0,0,0
123,32508,0.001023875,0,0,0,0,0
124,353365,0.011129619,0,0,0,0,0
126,891882,0.028090804,0,0,0,0,0
127,377345,0.011884896,0,0,0,0,0
128,759267,0.023913949,0,0,0,0,0
129,712425,0.022438609,0,0,0,0,0
131,412837,0.013002755,0,0,0,0,0
132,771095,0.024286485,0,0,0,0,0
133,479391,0.015098947,0,0,0,0,0
134,30296,0.000954206,0,0,0,0,0
135,555515,0.017496556,0,0,0,0,0
136,29453,0.000927655,0,0,0,0,0
140,27221,0.000857355,0,0,0,0,0
141,432435,0.013620016,0,0,0,0,0
143,311397,0.009807791,0,0,0,0,0
144,21439,0.000675245,0,0,0,0,0
145,617889,0.019461093,0,0,0,0,0
146,321469,0.01012502,0,0,0,0,0
147,196608,0.006192385,0,0,0,0,0
151,246252,0.007755977,0,0,0,0,0
152,20808,0.000655371,0,0,0,0,0
153,4708,0.000148284,0,0,0,0,0
154,837123,0.026366109,0,0,0,0,0
157,2591824,0.081632346,0,0,0,0,0
159,1046707,0.032967188,0,0,0,0,0
160,1076226,0.033896921,0,0,0,0,0
167,713266,0.022465097,0,0,0,0,0
169,412950,0.013006314,0,0,0,0,0
175,18300,0.000576379,0,0,0,0,0
178,1702890,0.053634393,0,0,0,0,0
179,925230,0.029141136,0,0,0,0,0
180,694213,0.021865002,0,0,0,0,0
181,56336,0.001774364,0,0,0,0,0
182,19994,0.000629733,0,0,0,0,0
183,3290,0.000103622,0,0,0,0,0
184,3978,0.000125291,0,0,0,0,0
185,2707,8.52599E-05,0,0,0,0,0
186,31788,0.001001198,0,0,0,0,0
187,4724,0.000148788,0,0,0,0,0
188,5089,0.000160284,0,0,0,0,0
189,900593,0.028365167,0,0,0,0,0
191,1036823,0.03265588,0,0,0,0,0
192,13507,0.000425418,0,0,0,0,0
193,14851,0.000467749,0,0,0,0,0
195,108728,0.003424508,0,0,0,0,0
196,278196,0.008762089,0,0,0,0,0
197,151547,0.004773139,0,0,0,0,0
198,302879,0.009539507,0,0,0,0,0
199,308443,0.009714751,0,0,0,0,0
200,271296,0.008544766,0,0,0,0,0
201,97565,0.003072917,0,0,0,0,0
202,372128,0.01172058,0,0,0,0,0
203,64372,0.002027467,0,0,0,0,0
211,823903,0.025949731,0,0,0,0,0
212,676554,0.021308812,0,0,0,0,0
213,853153,0.026870992,0,0,0,0,0
214,742071,0.023372342,0,0,0,0,0
215,43590,0.001372915,0,0,0,0,0
222,519303,0.016356019,0,0,0,0,0
225,1379383,0.043445184,0,0,0,0,0
227,235178,0.00740719,0,0,0,0,0
228,650315,0.020482386,0,0,0,0,0
230,261295,0.008229773,0,0,0,0,0
231,13133,0.000413638,0,0,0,0,0
232,12069,0.000380126,0,0,0,0,0
233,29581,0.000931686,0,0,0,0,0
235,4042912,0.127335958,0,0,0,0,0
237,532948,0.016785783,0,0,0,0,0
239,33318,0.001049387,0,0,0,0,0
240,525186,0.01654131,0,0,0,0,0
241,49109,0.001546742,0,0,0,0,0
242,22204,0.000699339,0,0,0,0,0
243,5154336,0.162341479,0,0,0,0,0
245,5305057,0.167088602,0,0,0,0,0
248,85936,0.002706649,0,0,0,0,0
250,387462,0.012203542,0,0,0,0,0
251,337932,0.01064354,0,0,0,0,0
252,286409,0.009020766,0,0,0,0,0
253,175609,0.005530999,0,0,0,0,0
256,61563,0.001938994,0,0,0,0,0
257,1735687,0.05466737,0,0,0,0,0
259,606649,0.019107077,0,0,0,0,0
260,149945,0.004722683,0,0,0,0,0
261,681175,0.021454355,0,0,0,0,0
262,155664,0.004902809,0,0,0,0,0
263,2402936,0.075683111,0,0,0,0,0
265,1021316,0.03216747,0,0,0,0,0
266,152188,0.004793328,0,0,0,0,0
268,20947,0.000659749,0,0,0,0,0
269,1246492,0.039259636,0,0,0,0,0
270,1078967,0.033983252,0,0,0,0,0
271,124375,0.003917327,0,0,0,0,0
272,1391087,0.043813814,0,0,0,0,0
273,998124,0.031437013,0,0,0,0,0
274,860870,0.027114047,0,0,0,0,0
276,9140,0.000287874,0,0,0,0,0
277,251285,0.007914497,0,0,0,0,0
279,508691,0.016021782,0,0,0,0,0
281,166762,0.005252353,0,0,0,0,0
283,4832036,0.152190286,0,0,0,0,0
284,36604,0.001152883,0,0,0,0,0
285,276445,0.008706939,0,0,0,0,0
286,641601,0.020207929,0,0,0,0,0
287,423155,0.013327732,0,0,0,0,0
288,619302,0.019505597,0,0,0,0,0
289,64091,0.002018617,0,0,0,0,0
290,447006,0.014078945,0,0,0,0,0
291,672360,0.021176717,0,0,0,0,0
292,499577,0.015734727,0,0,0,0,0
293,28793,0.000906867,0,0,0,0,0
296,372061,0.01171847,0,0,0,0,0
297,17044,0.00053682,0,0,0,0,0
298,592948,0.018675549,0,0,0,0,0
299,772252,0.024322926,0,0,0,0,0
300,363625,0.011452769,0,0,0,0,0
304,3382815,0.106545477,0,0,0,0,0
305,1002498,0.031574777,0,0,0,0,0
306,932696,0.029376286,0,0,0,0,0
311,214670,0.006761268,0,0,0,0,0
312,284948,0.008974751,0,0,0,0,0
313,258716,0.008148545,0,0,0,0,0
314,281863,0.008877585,0,0,0,0,0
316,10519,0.000331307,0,0,0,0,0
317,715331,0.022530136,0,0,0,0,0
318,601794,0.018954164,0,0,0,0,0
319,722422,0.022753475,0,0,0,0,0
320,395774,0.012465337,0,0,0,0,0
323,121562,0.003828729,0,0,0,0,0
327,480419,0.015131325,0,0,0,0,0
329,394866,0.012436739,0,0,0,0,0
330,319081,0.010049807,0,0,0,0,0
331,146825,0.004624415,0,0,0,0,0
332,252181,0.007942718,0,0,0,0,0
333,492807,0.015521498,0,0,0,0,0
334,328425,0.010344106,0,0,0,0,0
335,207303,0.006529236,0,0,0,0,0
336,30731,0.000967907,0,0,0,0,0
337,307842,0.009695822,0,0,0,0,0
339,340090,0.010711508,0,0,0,0,0
340,378262,0.011913778,0,0,0,0,0
341,874532,0.027544347,0,0,0,0,0
343,1796231,0.05657427,0,0,0,0,0
344,1993738,0.06279497,0,0,0,0,0
345,85667,0.002698176,0,0,0,0,0
346,284445,0.008958908,0,0,0,0,0
347,339903,0.010705619,0,0,0,0,0
348,301265,0.009488672,0,0,0,0,0
349,444670,0.01400537,0,0,0,0,0
350,275935,0.008690876,0,0,0,0,0
352,63451,0.001998459,0,0,0,0,0
353,232040,0.007308355,0,0,0,0,0
356,245628,0.007736324,0,0,0,0,0
357,235610,0.007420796,0,0,0,0,0
358,421159,0.013264866,0,0,0,0,0
359,395736,0.01246414,0,0,0,0,0
360,15195,0.000478583,0,0,0,0,0
361,49879,0.001570994,0,0,0,0,0
362,330104,0.010396988,0,0,0,0,0
363,207648,0.006540102,0,0,0,0,0
364,327874,0.010326752,0,0,0,0,0
365,283937,0.008942908,0,0,0,0,0
366,281279,0.008859191,0,0,0,0,0
370,299928,0.009446562,0,0,0,0,0
372,315815,0.009946941,0,0,0,0,0
373,449847,0.014168426,0,0,0,0,0
374,825505,0.026000187,0,0,0,0,0
375,308783,0.00972546,0,0,0,0,0
376,493688,0.015549246,0,0,0,0,0
377,811793,0.025568313,0,0,0,0,0
378,2494559,0.078568878,0,0,0,0,0
380,48560,0.001529451,0,0,0,0,0
384,638949,0.020124401,0,0,0,0,0
385,612310,0.019285377,0,0,0,0,0
395,86073,0.002710964,0,0,0,0,0
396,12070,0.000380158,0,0,0,0,0
397,415548,0.013088141,0,0,0,0,0
398,435788,0.013725622,0,0,0,0,0
399,434565,0.013687102,0,0,0,0,0
401,38835,0.001223151,0,0,0,0,0
402,9339,0.000294142,0,0,0,0,0
403,1122600,0.035357521,0,0,0,0,0
404,897804,0.028277324,0,0,0,0,0
405,1252035,0.039434219,0,0,0,0,0
408,351877,0.011082753,0,0,0,0,0
409,121328,0.003821359,0,0,0,0,0
411,303476,0.00955831,0,0,0,0,0
412,536323,0.016892082,0,0,0,0,0
413,432858,0.013633339,0,0,0,0,0
414,299953,0.009447349,0,0,0,0,0
415,688935,0.021698765,0,0,0,0,0
416,322646,0.01016209,0,0,0,0,0
417,4695,0.000147874,0,0,0,0,0
418,16664,0.000524851,0,0,0,0,0
419,9613,0.000302772,0,0,0,0,0
420,8515,0.000268189,0,0,0,0,0
421,8086,0.000254677,0,0,0,0,0
422,6179,0.000194614,0,0,0,0,0
423,1710,5.38583E-05,0,0,0,0,0
424,3437,0.000108252,0,0,0,0,0
425,2050,6.4567E-05,0,0,0,0,0
426,3219,0.000101386,0,0,0,0,0
427,5307,0.00016715,0,0,0,0,0
428,29236,0.00092082,0,0,0,0,0
432,65248,0.002055057,0,0,0,0,0
433,20442,0.000643843,0,0,0,0,0
434,18820,0.000592757,0,0,0,0,0
435,21157,0.000666363,0,0,0,0,0
436,2039976,0.064251287,0,0,0,0,0
439,67926,0.002139404,0,0,0,0,0
440,789765,0.024874517,0,0,0,0,0
441,1981165,0.06239897,0,0,0,0,0
445,351389,0.011067383,0,0,0,0,0
447,326309,0.010277461,0,0,0,0,0
448,495517,0.015606853,0,0,0,0,0
449,600172,0.018903077,0,0,0,0,0
450,1185762,0.037346878,0,0,0,0,0
451,1526031,0.048064024,0,0,0,0,0
453,1147137,0.036130341,0,0,0,0,0
454,690667,0.021753316,0,0,0,0,0
455,1312027,0.041323733,0,0,0,0,0
459,10252,0.000322898,0,0,0,0,0
460,22741,0.000716253,0,0,0,0,0
461,7351,0.000231528,0,0,0,0,0
463,142649,0.004492887,0,0,0,0,0
465,526432,0.016580555,0,0,0,0,0
466,869674,0.027391339,0,0,0,0,0
467,118388,0.00372876,0,0,0,0,0
468,138696,0.004368383,0,0,0,0,0
469,1089349,0.034310244,0,0,0,0,0
470,786977,0.024786706,0,0,0,0,0
471,484552,0.015261498,0,0,0,0,0
473,43736,0.001377513,0,0,0,0,0
475,447622,0.014098347,0,0,0,0,0
476,395014,0.0124414,0,0,0,0,0
477,33753,0.001063088,0,0,0,0,0
478,316065,0.009954815,0,0,0,0,0
479,178352,0.005617392,0,0,0,0,0
480,603819,0.019017943,0,0,0,0,0
482,33111,0.001042867,0,0,0,0,0
483,44799,0.001410994,0,0,0,0,0
484,628324,0.019789755,0,0,0,0,0
485,18331,0.000577355,0,0,0,0,0
486,42547,0.001340065,0,0,0,0,0
487,497476,0.015668554,0,0,0,0,0
489,65935,0.002076695,0,0,0,0,0
490,20636,0.000649954,0,0,0,0,0
493,612011,0.019275959,0,0,0,0,0
495,21695,0.000683308,0,0,0,0,0
502,263079,0.008285962,0,0,0,0,0
511,13893,0.000437575,0,0,0,0,0
512,53061,0.001671215,0,0,0,0,0
513,4284,0.000134929,0,0,0,0,0
514,9497,0.000299118,0,0,0,0,0
515,2989,9.41418E-05,0,0,0,0,0
516,252216,0.00794382,0,0,0,0,0
518,394223,0.012416487,0,0,0,0,0
520,154792,0.004875344,0,0,0,0,0
521,33922,0.001068411,0,0,0,0,0
522,38949,0.001226742,0,0,0,0,0
523,72827,0.002293766,0,0,0,0,0
526,28428,0.000895371,0,0,0,0,0
531,30573,0.00096293,0,0,0,0,0
532,2952839,0.09300291,0,0,0,0,0
533,26050591,0.820492001,0,0,0,0,0
535,15511,0.000488536,0,0,0,0,0
536,660505,0.020803331,0,0,0,0,0
537,158804,0.005001707,0,0,0,0,0
538,384216,0.012101305,0,0,0,0,0
539,715490,0.022535144,0,0,0,0,0
540,1951,6.14489E-05,0,0,0,0,0
541,3478,0.000109543,0,0,0,0,0
542,11169,0.00035178,0,0,0,0,0
546,9708,0.000305764,0,0,0,0,0
549,4400728,0.138605766,0,0,0,0,0
551,20580,0.00064819,0,0,0,0,0
552,5787,0.000182268,0,0,0,0,0
553,75439,0.002376034,0,0,0,0,0
