FID,COUNT,AREA,SUM,PERCENTAGE
1,127474,0.004008818,0,0
2,70255,0.002209388,3982,0.05667924
3,34425,0.001082602,0,0
4,63080,0.001983747,7643,0.121163602
5,88432,0.00278102,67,0.000757644
6,73909,0.002324299,0,0
7,56609,0.001780247,0,0
8,177332,0.005576758,29804,0.168068933
9,50983,0.00160332,0,0
10,101213,0.003182959,0,0
11,91624,0.002881403,0,0
12,41829,0.001315443,0,0
13,110617,0.003478697,0,0
14,29075,0.000914354,0,0
15,181872,0.005719533,0,0
16,40225,0.001265001,0,0
17,27544,0.000866207,0,0
18,408712,0.012853224,0,0
19,1659105,0.052175734,103329,0.062279964
20,1273027,0.040034306,72582,0.057015287
21,155852,0.004901252,4903,0.031459333
22,1962174,0.061706684,36353,0.018526899
23,89894,0.002826997,17428,0.193872784
24,11727,0.000368792,0,0
25,11601,0.00036483,0,0
26,19412,0.000610471,0,0
27,36935,0.001161536,0,0
28,42601,0.001339721,976,0.02291026
29,365474,0.01149347,0,0
30,308237,0.009693474,0,0
31,420116,0.013211859,0,0
32,3090619,0.097194158,0,0
33,2774140,0.087241489,0,0
34,1582669,0.049771965,0,0
35,893232,0.028090467,0,0
36,1118619,0.035178465,0,0
37,813875,0.025594839,0,0
38,988283,0.031079643,0,0
39,26776,0.000842055,0,0
40,108167,0.003401649,0,0
41,1842670,0.057948508,209,0.000113422
42,664596,0.020900295,0,0
43,6331504,0.1991139,774,0.000122246
44,6212671,0.195376826,70,1.12673E-05
45,5000119,0.157244344,0,0
46,3150111,0.09906507,0,0
47,2636417,0.082910359,0,0
48,5021039,0.157902239,0,0
49,2355669,0.074081362,1941,0.00082397
50,2319328,0.072938506,140,6.03623E-05
51,61829,0.001944406,1282,0.020734607
52,6405041,0.201426501,1643,0.000256517
53,2685521,0.084454588,511,0.00019028
54,19014,0.000597955,0,0
55,14827,0.000466281,0,0
56,582642,0.018322996,0,0
57,211411,0.006648479,792,0.003746257
58,111975,0.003521403,0,0
59,666603,0.020963411,752,0.001128108
60,1295994,0.040756575,0,0
61,550594,0.017315146,0,0
62,424228,0.013341173,534,0.001258757
63,761633,0.023951926,0,0
64,284276,0.008939946,138,0.000485444
65,991539,0.031182038,125,0.000126067
66,3208307,0.100895225,8101,0.002525008
67,1741241,0.054758757,0,0
68,1816790,0.057134631,10508,0.005783828
69,30242,0.000951054,0,0
70,3937595,0.123829962,0,0
71,3073954,0.096670076,0,0
72,1961133,0.061673947,0,0
73,7863567,0.247294402,0,0
74,338421,0.010642704,26171,0.077332671
75,758454,0.023851953,387,0.000510248
76,68528,0.002155077,3912,0.057086155
77,57076,0.001794933,0,0
78,4874782,0.153302731,141402,0.029006836
79,2636502,0.082913032,121364,0.046032205
80,995053,0.031292547,20152,0.020252188
81,7751,0.000243754,0,0
82,10559,0.000332061,108,0.010228241
83,17228,0.000541788,2605,0.151207337
84,733695,0.023073329,0,0
85,459581,0.014452959,0,0
86,42484,0.001336042,0,0
87,258174,0.008119087,0,0
88,799577,0.025145194,0,0
89,1041452,0.032751708,0,0
90,1080618,0.033983405,0,0
91,32060,0.001008227,0,0
92,14461,0.000454771,0,0
93,12558,0.000394925,0,0
94,496,1.55983E-05,0,0
95,5136,0.000161518,0,0
96,6561,0.000206331,0,0
97,812109,0.025539302,0,0
98,1070902,0.033677855,115,0.000107386
99,1305539,0.041056748,77,5.89795E-05
100,1251138,0.039345938,75,5.99454E-05
101,739458,0.023254564,0,0
102,2589279,0.081427958,0,0
103,1166349,0.036679484,0,0
104,622893,0.019588814,0,0
105,1111613,0.034958139,0,0
106,472900,0.014871816,0,0
107,1126851,0.035437346,0,0
108,244043,0.007674694,0,0
109,567211,0.01783772,0,0
110,363239,0.011423184,0,0
111,871291,0.027400464,0,0
112,636328,0.02001132,0,0
113,186062,0.0058513,0,0
114,56061,0.001763013,0,0
115,2080299,0.065421493,0,0
116,2488590,0.078261478,0,0
117,3450799,0.108521142,0,0
118,2328736,0.07323437,0,0
119,1295110,0.040728775,0,0
120,903833,0.028423849,0,0
121,586078,0.018431052,0,0
122,39711,0.001248836,0,0
123,32546,0.001023511,0,0
124,353931,0.011130465,0,0
125,558480,0.017563146,227,0.00040646
126,893256,0.028091222,0,0
127,377950,0.011885817,0,0
128,760483,0.023915761,0,0
129,713493,0.022438014,0,0
130,21502,0.000676197,0,0
131,413449,0.013002194,0,0
132,772287,0.024286975,0,0
133,480129,0.015099155,0,0
134,30331,0.000953853,0,0
135,556378,0.017497042,0,0
136,29494,0.000927531,0,0
137,441116,0.013872269,1302,0.002951605
138,250238,0.007869515,188,0.000751285
139,1022216,0.032146772,72,7.04352E-05
140,27245,0.000856804,0,0
141,433040,0.013618294,0,0
142,182271,0.00573208,75,0.000411475
143,311871,0.009807757,0,0
144,21486,0.000675694,0,0
145,618821,0.019460757,0,0
146,321958,0.010124974,0,0
147,196873,0.006191286,0,0
148,455136,0.014313172,54,0.000118646
149,960240,0.030197743,20190,0.021025994
150,361938,0.01138227,4583,0.01266239
151,246654,0.007756805,0,0
152,20870,0.000656322,0,0
153,4720,0.000148435,0,0
154,838397,0.02636601,0,0
155,921933,0.02899306,330,0.000357944
156,2573607,0.080935103,0,0
157,2595763,0.081631867,0,0
158,2047650,0.064394744,0,0
159,1048281,0.032966467,0,0
160,1077832,0.033895791,0,0
161,42042,0.001322142,97,0.002307217
162,678137,0.021326134,39208,0.057817226
163,838507,0.026369469,16854,0.020100011
164,760793,0.02392551,29919,0.039326072
165,173532,0.005457255,982,0.005658899
166,585347,0.018408063,0,0
167,714363,0.022465374,0,0
168,3081123,0.096895527,631,0.000204795
169,413574,0.013006125,0,0
170,12017,0.000377912,64,0.005325788
171,27255,0.000857119,1470,0.053935058
172,2812111,0.088435605,65016,0.023119998
173,3857246,0.121303137,22036,0.005712884
174,3508180,0.110325667,75137,0.021417658
175,18332,0.000576507,0,0
176,31780,0.000999421,310,0.009754563
177,15890,0.000499711,16,0.001006923
178,1705486,0.053634329,0,0
179,926614,0.029140269,0,0
180,695315,0.02186635,0,0
181,56425,0.00177446,0,0
182,20075,0.000631321,0,0
183,3295,0.000103622,0,0
184,3989,0.000125447,0,0
185,2714,8.53502E-05,0,0
186,31828,0.001000931,0,0
187,4726,0.000148624,0,0
188,5102,0.000160448,0,0
189,901964,0.028365072,0,0
190,1298954,0.040849662,0,0
191,1038394,0.03265554,0,0
192,13523,0.000425273,0,0
193,14881,0.000467979,0,0
194,56483,0.001776284,0,0
195,108850,0.003423128,0,0
196,278627,0.008762295,0,0
197,151770,0.004772881,0,0
198,303347,0.009539693,0,0
199,308911,0.00971467,0,0
200,271718,0.00854502,0,0
201,97712,0.003072859,0,0
202,372650,0.011719142,0,0
203,64464,0.002027272,0,0
204,47038,0.001479257,66,0.001403121
205,549248,0.017272817,170,0.000309514
206,656255,0.020637986,79,0.00012038
207,1454806,0.045750914,16403,0.011275043
208,124267,0.003907964,8653,0.069632324
209,1180362,0.037120166,48220,0.040851874
210,2274080,0.071515542,34643,0.015233853
211,825178,0.025950297,0,0
212,677576,0.021308492,0,0
213,854447,0.026870752,0,0
214,743223,0.023372966,0,0
215,43673,0.001373434,0,0
216,1605147,0.050478856,935,0.000582501
217,2686995,0.084500942,350,0.000130257
218,4390882,0.138084986,797,0.000181513
219,1228556,0.038635777,212,0.00017256
220,516194,0.016233331,35,6.7804E-05
221,352347,0.011080651,266,0.000754938
222,520094,0.016355979,0,0
223,1948515,0.061277134,2246,0.001152673
224,2257308,0.070988094,216,9.56892E-05
225,1381431,0.043443408,0,0
226,2275453,0.07155872,120,5.27368E-05
227,235557,0.007407825,0,0
228,651334,0.02048323,0,0
229,54731,0.001721187,0,0
230,261702,0.008230036,0,0
231,13158,0.000413794,0,0
232,12092,0.000380271,0,0
233,29629,0.000931776,0,0
234,3308250,0.104038244,0,0
235,4049102,0.127336647,0,0
236,185764,0.005841929,2452,0.013199544
237,533789,0.016786661,0,0
238,877353,0.027591103,5010,0.005710358
239,33379,0.001049707,0,0
240,525962,0.016540516,0,0
241,49178,0.001546556,0,0
242,22233,0.000699186,0,0
243,5162170,0.162340544,0,0
244,3006145,0.09453761,0,0
245,5313156,0.16708877,0,0
246,2934148,0.09227344,0,0
247,3287015,0.103370443,0,0
248,86064,0.002706551,0,0
249,2475998,0.077865483,0,0
250,388015,0.012202342,0,0
251,338473,0.01064434,0,0
252,286872,0.009021585,0,0
253,175893,0.005531504,0,0
254,610237,0.019190807,831,0.001361766
255,602823,0.01895765,25478,0.042264479
256,61640,0.001938462,0,0
257,1738350,0.05466784,0,0
258,1791232,0.05633088,0,0
259,607618,0.019108444,0,0
260,150160,0.00472225,0,0
261,682163,0.021452744,0,0
262,155906,0.004902951,0,0
263,2406638,0.075684242,0,0
264,2407778,0.075720092,0,0
265,1022874,0.032167465,0,0
266,152420,0.004793323,0,0
267,45809,0.001440607,0,0
268,20982,0.000659844,0,0
269,1248354,0.039258387,0,0
270,1080575,0.033982053,0,0
271,124577,0.003917712,0,0
272,1393223,0.043814245,0,0
273,999591,0.031435258,0,0
274,862204,0.027114695,0,0
275,43963,0.001382554,146,0.003320974
276,9183,0.000288788,0,0
277,251682,0.007914926,0,0
278,391689,0.012317883,1147,0.002928344
279,509418,0.016020239,0,0
280,482529,0.01517463,925,0.001916983
281,167032,0.005252842,0,0
282,1488292,0.046803986,0,0
283,4839387,0.152189625,0,0
284,36665,0.001153045,0,0
285,276886,0.008707544,0,0
286,642568,0.020207556,0,0
287,423793,0.013327493,0,0
288,620206,0.019504313,0,0
289,64175,0.002018183,0,0
290,447675,0.014078537,0,0
291,673350,0.021175592,0,0
292,500329,0.015734407,0,0
293,28843,0.000907058,0,0
294,1574206,0.04950582,2245,0.001426116
295,864558,0.027188724,0,0
296,372662,0.011719519,0,0
297,17071,0.000536851,0,0
298,593912,0.018677416,0,0
299,773428,0.024322857,0,0
300,364174,0.011452588,0,0
301,16020681,0.503820305,21249,0.001326348
302,3792724,0.119274041,11245,0.002964888
303,2008551,0.063165154,2831,0.001409474
304,3387937,0.106544251,0,0
305,1004029,0.031574825,0,0
306,934107,0.029375909,0,0
307,800267,0.025166893,4530,0.005660611
308,22025,0.000692645,1663,0.075505108
309,1838829,0.057827716,4082,0.002219891
310,808972,0.025440649,12724,0.015728604
311,215037,0.006762509,0,0
312,285377,0.00897457,0,0
313,259107,0.008148428,0,0
314,282292,0.008877553,0,0
315,1391564,0.043762072,357,0.000256546
316,10526,0.000331023,0,0
317,716405,0.022529591,0,0
318,602715,0.018954254,0,0
319,723551,0.022754319,0,0
320,396357,0.012464683,0,0
321,1229884,0.03867754,29,2.35795E-05
322,313401,0.009855872,629,0.002007013
323,121742,0.003828557,0,0
324,3681807,0.11578591,54433,0.014784317
325,2397823,0.075407026,366,0.000152638
326,1656029,0.052078999,1278,0.000771726
327,481184,0.015132332,0,0
328,796308,0.02504239,27101,0.034033314
329,395438,0.012435782,0,0
330,319581,0.010050222,0,0
331,147042,0.004624195,0,0
332,252595,0.007943638,0,0
333,493530,0.015520591,0,0
334,328914,0.010343727,0,0
335,207624,0.006529385,0,0
336,30809,0.000968885,0,0
337,308297,0.009695361,0,0
338,636374,0.020012766,27642,0.043436721
339,340603,0.010711324,0,0
340,378840,0.011913806,0,0
341,875920,0.027546038,0,0
342,1498732,0.047132304,0,0
343,1798978,0.056574477,0,0
344,1996833,0.062796645,0,0
345,85781,0.002697651,0,0
346,284869,0.008958595,0,0
347,340437,0.010706104,0,0
348,301722,0.00948859,0,0
349,445369,0.014006018,0,0
350,276372,0.00869138,0,0
351,336008,0.01056682,3250,0.009672389
352,63521,0.001997616,0,0
353,232404,0.007308669,0,0
354,47126,0.001482024,585,0.01241353
355,479021,0.01506431,32307,0.067443807
356,246004,0.007736363,0,0
357,235964,0.007420624,0,0
358,421799,0.013264786,0,0
359,396336,0.012464022,0,0
360,15214,0.000478452,0,0
361,49952,0.001570897,0,0
362,330625,0.010397535,0,0
363,208005,0.006541366,0,0
364,328352,0.010326053,0,0
365,284348,0.00894221,0,0
366,281732,0.008859942,0,0
367,517790,0.016283522,129,0.000249136
368,769600,0.024202473,92,0.000119543
369,429354,0.013502376,1054,0.002454851
370,300362,0.00944582,0,0
371,482808,0.015183404,717,0.001485062
372,316274,0.009946223,0,0
373,450514,0.014167819,0,0
374,826766,0.026000237,0,0
375,309256,0.00972552,0,0
376,494448,0.01554946,0,0
377,813026,0.02556814,0,0
378,2498336,0.078567971,0,0
379,678527,0.021338399,0,0
380,48615,0.00152885,0,0
381,788683,0.024802598,322,0.000408276
382,470925,0.014809706,606,0.001286829
383,757436,0.023819939,5118,0.006757007
384,639922,0.020124344,0,0
385,613222,0.019284679,0,0
386,517008,0.01625893,3399,0.006574366
387,672222,0.021140118,12571,0.018700667
388,1634920,0.051415161,44216,0.027044748
389,2091217,0.065764844,49310,0.023579571
390,3397757,0.106853071,70149,0.020645679
391,70794,0.002226338,2394,0.033816425
392,4660795,0.146573242,13353,0.002864962
393,1572705,0.049458616,6256,0.00397786
394,773996,0.024340719,10181,0.013153815
395,86221,0.002711488,0,0
396,12086,0.000380082,0,0
397,416259,0.013090563,0,0
398,436441,0.013725249,0,0
399,435221,0.013686882,0,0
400,19725,0.000620314,1548,0.078479087
401,38894,0.001223143,0,0
402,9353,0.000294134,0,0
403,1124312,0.035357499,0,0
404,899208,0.028278401,0,0
405,1254017,0.039436478,0,0
406,278902,0.008770944,0,0
407,466493,0.014670328,0,0
408,352387,0.011081909,0,0
409,121532,0.003821953,0,0
410,418341,0.013156038,0,0
411,303914,0.009557524,0,0
412,537161,0.016892704,0,0
413,433560,0.013634647,0,0
414,300319,0.009444468,0,0
415,690000,0.021699203,0,0
416,323138,0.010162083,0,0
417,4696,0.00014768,0,0
418,16694,0.000524995,0,0
419,9644,0.000303286,0,0
420,8521,0.000267969,0,0
421,8090,0.000254415,0,0
422,6186,0.000194538,0,0
423,1710,5.37763E-05,0,0
424,3447,0.000108402,0,0
425,2063,6.48775E-05,0,0
426,3226,0.000101452,0,0
427,5317,0.00016721,0,0
428,29288,0.000921053,0,0
429,789380,0.024824517,0,0
430,1154755,0.036314874,172,0.000148949
431,416012,0.013082795,492,0.001182658
432,65333,0.0020546,0,0
433,20466,0.000643617,0,0
434,18853,0.000592891,0,0
435,21189,0.000666354,0,0
436,2043092,0.064251403,0,0
437,4484366,0.141024882,711,0.000158551
438,4497095,0.141425185,478,0.000106291
439,68028,0.002139353,0,0
440,790966,0.024874394,0,0
441,1984197,0.062399266,0,0
442,3055778,0.096098474,0,0
443,962589,0.030271615,0,0
444,1421610,0.044706962,0,0
445,351921,0.011067254,0,0
446,373317,0.011740118,7,1.87508E-05
447,326853,0.010278912,0,0
448,496285,0.01560723,0,0
449,601041,0.01890161,0,0
450,1187543,0.037345995,0,0
451,1528364,0.048064175,0,0
452,59011,0.001855785,0,0
453,1148945,0.036132161,0,0
454,691705,0.021752822,0,0
455,1314026,0.041323648,0,0
456,10152,0.000319261,5,0.000492514
457,6556123,0.206177745,36049,0.005498524
458,3128163,0.098374847,74891,0.023940888
459,10249,0.000322312,0,0
460,22775,0.000716231,0,0
461,7356,0.000231332,0,0
462,205066,0.00644894,0,0
463,142850,0.004492364,0,0
464,152171,0.004785492,0,0
465,527284,0.016582091,0,0
466,870972,0.027390432,0,0
467,118558,0.003728426,0,0
468,138936,0.004369276,0,0
469,1091001,0.034309931,0,0
470,788178,0.024786717,0,0
471,485309,0.015262056,0,0
472,894484,0.028129841,0,0
473,43810,0.001377742,0,0
474,965839,0.030373821,1331,0.001378076
475,448300,0.014098192,0,0
476,395643,0.012442229,0,0
477,33803,0.001063041,0,0
478,316473,0.009952481,0,0
479,178631,0.005617609,0,0
480,604740,0.019017936,0,0
481,329364,0.010357879,0,0
482,33243,0.00104543,0,0
483,44868,0.001411014,0,0
484,629235,0.019788258,0,0
485,18369,0.000577671,0,0
486,42615,0.001340162,0,0
487,498247,0.015668932,0,0
488,484111,0.015224381,545,0.001125775
489,66053,0.002077243,0,0
490,20662,0.000649781,0,0
491,1095795,0.034460693,70,6.38806E-05
492,1590886,0.050030374,357,0.000224403
493,612899,0.019274522,0,0
494,537965,0.016917988,4786,0.00889649
495,21736,0.000683556,0,0
496,777771,0.024459436,0,0
497,637963,0.020062737,0,0
498,422672,0.01329224,566,0.0013391
499,644386,0.020264729,11662,0.018097848
500,417393,0.013126225,187,0.000448019
501,244729,0.007696267,18781,0.076742029
502,263455,0.008285165,0,0
503,331106,0.010412661,3078,0.009296117
504,1058809,0.033297553,5245,0.004953679
505,254685,0.008009365,94,0.000369083
506,265678,0.008355074,334,0.001257161
507,828437,0.026052787,5126,0.006187556
508,704756,0.022163252,9530,0.013522411
509,640801,0.020151987,1690,0.002637324
510,678821,0.021347645,0,0
511,13911,0.000437475,0,0
512,53134,0.001670964,0,0
513,4288,0.00013485,0,0
514,9506,0.000298946,0,0
515,2977,9.36211E-05,0,0
516,252593,0.007943575,0,0
517,222009,0.006981766,0,0
518,394849,0.012417259,0,0
519,504828,0.015875892,0,0
520,155040,0.004875717,0,0
521,33970,0.001068293,0,0
522,39017,0.001227011,0,0
523,72919,0.002293165,0,0
524,4278374,0.134546821,1192,0.000278611
525,4301491,0.135273807,2051,0.000476811
526,28495,0.000896114,0,0
527,770885,0.024242884,222,0.000287981
528,635476,0.019984526,0,0
529,509449,0.016021213,335,0.000657573
530,1884751,0.059271876,226,0.00011991
531,30621,0.000962973,0,0
532,2957203,0.092998476,0,0
533,26090382,0.820493474,0,0
534,9125575,0.286982181,0,0
535,15535,0.000488547,0,0
536,661387,0.020799378,0,0
537,159061,0.005002169,0,0
538,384848,0.012102746,0,0
539,716498,0.022532515,0,0
540,1955,6.14811E-05,0,0
541,3479,0.000109408,0,0
542,11185,0.000351747,0,0
543,24442,0.000768655,77,0.003150315
544,6454787,0.202990919,26690,0.004134916
545,10295651,0.323778872,49284,0.004786876
546,9715,0.000305518,0,0
547,1861892,0.058553004,0,0
548,2065536,0.064957225,74,3.58261E-05
549,4407434,0.138605515,0,0
550,1174007,0.036920313,0,0
551,20612,0.000648209,0,0
552,5787,0.00018199,0,0
553,75561,0.002376251,0,0
