fid,REGION,DEPARTEMEN,COM_ARRT_V,COMMUNE,ARRONDISSE,_count,_sum,class1_percentage,class6_percentage,class8_percentage,class7_percentage,class9_percentage,class2_percentage,class3_percentage,class4_percentage,class5_percentage
1,TAMBACOUNDA,TAMBACOUNDA,TAMBACOUNDA,TAMBACOUNDA,,55183,182,0.003,0,0.001,0.344,0,0,0.002,0.481,0.169
2,TAMBACOUNDA,BAKEL,BAKEL,BAKEL,,30425,199,0.007,0.023,0.001,0.057,0.011,0,0.004,0.146,0.743
3,DAKAR,RUFISQUE,BARGNY,BARGNY,,14911,92,0.006,0.005,0.073,0.387,0.014,0.001,0.005,0.15,0.352
4,MATAM,KANEL,KANEL,KANEL,,27309,486,0.018,0.22,0.009,0.066,0,0,0,0.017,0.658
5,KEDOUGOU,KEDOUGOU,KEDOUGOU,KEDOUGOU,,38299,29,0.001,0.014,0,0.203,0,0,0.251,0.524,0.006
6,KOLDA,KOLDA,KOLDA,KOLDA,,32026,322,0.01,0.001,0,0.409,0,0,0.207,0.329,0.044
7,LOUGA,LINGUERE,LINGUERE,LINGUERE,,24526,403,0.016,0,0,0.11,0,0.002,0,0.039,0.825
8,MATAM,MATAM,MATAM,MATAM,,76775,83,0.001,0.189,0.003,0.034,0,0.001,0.006,0.195,0.571
9,DIOURBEL,MBACKE,MBACKE,MBACKE,,22076,3557,0.161,0,0.001,0.436,0,0,0,0.037,0.364
10,KOLDA,MEDINA YORO FOULAH,MEDINA YORO FOULAH,MEDINA YORO FOULAH,,43839,1968,0.045,0,0,0.012,0,0,0.326,0.502,0.115
11,KAFFRINE,KAFFRINE,KATAKEL,NGANDA,KATAKEL,39670,32454,0.818,0,0,0.03,0,0,0,0.084,0.068
12,MATAM,MATAM,OUROSSOGUI,OUROSSOGUI,,18105,15,0.001,0.002,0.008,0.197,0,0,0.001,0.108,0.66
13,KEDOUGOU,SALEMATA,SALEMATA,SALEMATA,,47894,42,0.001,0,0,0.011,0,0,0.573,0.41,0.005
14,DAKAR,RUFISQUE,SENDOU,SENDOU,,12585,1500,0.119,0.001,0.008,0.062,0,0,0.009,0.464,0.332
15,THIES,TIVAOUANE,TIVAOUANE,TIVAOUANE,,78763,24622,0.313,0,0,0.157,0,0,0,0.13,0.398
16,KOLDA,VELINGARA,VELINGARA,VELINGARA,,17427,1030,0.059,0,0,0.327,0,0.001,0.073,0.382,0.158
17,KAOLACK,NIORO,NIORO,NIORO,,11899,4736,0.398,0.002,0,0.252,0,0,0.07,0.205,0.073
18,KEDOUGOU,SARAYA,SARAYA,SARAYA,,176971,6,0,0,0,0.004,0,0,0.556,0.44,0.001
19,MATAM,MATAM,AGNAM CIVOL,AGNAM CIVOL,AGNAM CIVOL,718390,131,0,0.041,0.007,0.004,0,0,0.002,0.014,0.832
20,MATAM,MATAM,AGNAM CIVOL,DABIA,AGNAM CIVOL,551209,113,0,0.031,0.004,0.004,0,0.001,0.001,0.033,0.861
21,MATAM,MATAM,AGNAM CIVOL,NGUIDJILONE,AGNAM CIVOL,67507,8,0,0.051,0.005,0.017,0,0,0,0.016,0.886
22,MATAM,MATAM,AGNAM CIVOL,OREFONDE,AGNAM CIVOL,849635,185,0,0.011,0.007,0.002,0,0,0.003,0.014,0.891
23,MATAM,MATAM,AGNAM CIVOL,THILOGNE,AGNAM CIVOL,38931,4,0,0.038,0.003,0.035,0,0,0.001,0.052,0.869
24,DAKAR,DAKAR,VILLE DE DAKAR,MERMOZ-SACRE COEUR,ALMADIES,5081,0,0,0.001,0.002,0.951,0,0,0.001,0.001,0.043
25,DAKAR,DAKAR,VILLE DE DAKAR,NGOR,ALMADIES,5032,0,0,0.01,0.003,0.796,0.008,0,0.003,0.01,0.172
26,DAKAR,DAKAR,VILLE DE DAKAR,OUAKAM,ALMADIES,8405,0,0,0,0.001,0.821,0.001,0,0.003,0.016,0.157
27,DAKAR,DAKAR,VILLE DE DAKAR,YOFF,ALMADIES,15978,0,0,0.003,0.011,0.685,0.001,0.001,0.003,0.065,0.229
28,MATAM,KANEL,ORKADIERE,OUAOUNDE,ORKADIERE,18442,5,0,0.065,0.003,0.081,0.001,0.001,0.001,0.042,0.803
29,DIOURBEL,BAMBEY,BABA GARAGE,BABA GARAGE,BABA GARAGE,158235,140770,0.89,0,0,0.013,0,0,0,0.004,0.092
30,DIOURBEL,BAMBEY,BABA GARAGE,DINGUIRAYE,BABA GARAGE,133447,126536,0.948,0,0,0.009,0,0,0.001,0.013,0.025
31,DIOURBEL,BAMBEY,BABA GARAGE,KEUR SAMBA KANE,BABA GARAGE,181900,156441,0.86,0,0,0.014,0,0,0,0.007,0.119
32,TAMBACOUNDA,GOUDIRY,BALA,BALA,BALA,1338247,1979,0.001,0,0,0.001,0,0,0.014,0.978,0.005
33,TAMBACOUNDA,GOUDIRY,BALA,GOUMBAYEL,BALA,1201188,2941,0.002,0,0,0,0,0,0.148,0.843,0.006
34,TAMBACOUNDA,GOUDIRY,BALA,KOAR,BALA,685328,4224,0.006,0,0,0.001,0,0,0.022,0.95,0.021
35,TAMBACOUNDA,KOUMPENTOUM,BAMBA THIALENE,KAHENE,BAMBA THIALENE,386775,21598,0.056,0,0,0.003,0,0,0.01,0.766,0.165
36,TAMBACOUNDA,KOUMPENTOUM,BAMBA THIALENE,NDAME,BAMBA THIALENE,484371,11166,0.023,0,0,0.002,0,0,0.004,0.829,0.142
37,TAMBACOUNDA,KOUMPENTOUM,BAMBA THIALENE,BAMBA THIALENE,BAMBA THIALENE,352410,20463,0.058,0,0,0.003,0,0,0.005,0.711,0.222
38,TAMBACOUNDA,KOUMPENTOUM,BAMBA THIALENE,MERETO,BAMBA THIALENE,427936,23013,0.054,0,0,0.002,0,0,0.006,0.796,0.143
39,DIOURBEL,BAMBEY,BAMBEY,BAMBEY,,11585,5099,0.44,0,0,0.378,0,0,0.009,0.089,0.083
40,DAKAR,RUFISQUE,DIAMNIADIO,YENNE,DIAMNIADIO,46825,6307,0.135,0.001,0.003,0.072,0.001,0,0.074,0.455,0.255
41,KEDOUGOU,KEDOUGOU,BANDAFASSI,BANDAFASSI,BANDAFASSI,797872,87,0,0.003,0,0.002,0,0,0.645,0.348,0.001
42,KEDOUGOU,KEDOUGOU,BANDAFASSI,DINDEFELO,BANDAFASSI,287799,69,0,0.002,0,0.003,0,0,0.646,0.348,0.001
43,KEDOUGOU,KEDOUGOU,BANDAFASSI,NINEFECHA,BANDAFASSI,2741613,151,0,0.003,0,0,0.001,0,0.61,0.385,0
44,KEDOUGOU,KEDOUGOU,BANDAFASSI,TOMBORONCOTO,BANDAFASSI,2690148,48,0,0.002,0,0.001,0,0,0.67,0.326,0.001
45,LOUGA,LINGUERE,BARKEDJI,BARKEDJI,BARKEDJI,2165061,108128,0.05,0,0,0.001,0,0,0.003,0.035,0.905
46,LOUGA,LINGUERE,BARKEDJI,GASSANE,BARKEDJI,1364058,501596,0.368,0,0,0.001,0,0,0,0.039,0.592
47,LOUGA,LINGUERE,BARKEDJI,THIARNY,BARKEDJI,1141648,516936,0.453,0,0,0,0,0,0.003,0.076,0.467
48,LOUGA,LINGUERE,BARKEDJI,THIEL,BARKEDJI,2174113,167674,0.077,0,0,0,0,0,0.003,0.344,0.575
49,TAMBACOUNDA,BAKEL,BELE,BELE,BELE,1020085,2588,0.003,0,0,0.001,0,0,0.001,0.796,0.198
50,TAMBACOUNDA,BAKEL,BELE,SINTHIOU FISSA,BELE,1004319,5151,0.005,0,0,0.001,0,0,0.005,0.895,0.094
51,TAMBACOUNDA,BAKEL,BELE,KIDIRA,BELE,26778,152,0.006,0.002,0.004,0.059,0.001,0,0.003,0.198,0.728
52,KEDOUGOU,SARAYA,BEMBOU,BEMBOU,BEMBOU,2773420,37,0,0,0,0.001,0.001,0,0.529,0.466,0.003
53,KEDOUGOU,SARAYA,BEMBOU,MEDINA BAFFE,BEMBOU,1162825,4,0,0,0,0,0.001,0,0.678,0.318,0.002
54,ZIGUINCHOR,BIGNONA,BIGNONA,BIGNONA,,8244,42,0.005,0,0,0.589,0,0,0.285,0.103,0.018
55,KAFFRINE,BIRKELANE,BIRKELANE,BIRKELANE,,6413,3561,0.555,0,0,0.225,0,0,0,0.106,0.114
56,SEDHIOU,BOUNKILING,BOGHAL,BOGHAL,BOGHAL,252220,16578,0.066,0,0,0.007,0,0,0.703,0.219,0.005
57,SEDHIOU,BOUNKILING,BOGHAL,DJINANY,BOGHAL,91587,3557,0.039,0.011,0,0.004,0.001,0,0.808,0.092,0.043
58,SEDHIOU,BOUNKILING,BOGHAL,NDIAMACOUTA,BOGHAL,48487,4563,0.094,0,0,0.014,0,0,0.488,0.391,0.013
59,SEDHIOU,BOUNKILING,BOGHAL,NDIAMALATHIEL,BOGHAL,288641,26106,0.09,0.004,0,0.006,0.001,0,0.66,0.224,0.014
60,SEDHIOU,BOUNKILING,BOGHAL,TANKON,BOGHAL,561169,42135,0.075,0,0,0.003,0,0,0.647,0.269,0.005
61,SEDHIOU,BOUNKILING,BONA,BONA,BONA,238409,2575,0.011,0.002,0,0.004,0.051,0,0.841,0.045,0.046
62,SEDHIOU,BOUNKILING,BONA,DIACOUNDA,BONA,183717,7386,0.04,0.007,0,0.004,0.044,0,0.774,0.062,0.069
63,SEDHIOU,BOUNKILING,BONA,INOR,BONA,329788,2582,0.008,0.001,0,0.003,0.03,0,0.888,0.041,0.028
64,SEDHIOU,BOUNKILING,BONA,KANDION MANGANA,BONA,123059,1770,0.014,0,0,0.002,0,0,0.959,0.021,0.003
65,KOLDA,VELINGARA,BONCONTO,BONCONTO,BONCONTO,429329,3831,0.009,0.011,0,0.002,0.017,0,0.718,0.217,0.026
66,KOLDA,VELINGARA,BONCONTO,LINKERING,BONCONTO,1389230,2762,0.002,0.003,0,0.001,0,0,0.835,0.151,0.008
67,KOLDA,VELINGARA,BONCONTO,MEDINA GOUNASS,BONCONTO,753941,19288,0.026,0.003,0,0.008,0,0,0.594,0.312,0.057
68,KOLDA,VELINGARA,BONCONTO,SINTHIANG KOUNDARA,BONCONTO,786703,14821,0.019,0.008,0,0.003,0.002,0,0.387,0.529,0.052
69,SEDHIOU,BOUNKILING,BOUNKILING,BOUNKILING,,13099,202,0.015,0,0,0.097,0,0.001,0.773,0.103,0.01
70,TAMBACOUNDA,GOUDIRY,BOYNGUEL BAMBA,BOYNGUEL BAMBA,BOYNGUEL BAMBA,1705007,4834,0.003,0,0,0.001,0,0,0.008,0.959,0.029
71,TAMBACOUNDA,GOUDIRY,BOYNGUEL BAMBA,DOUGUE,BOYNGUEL BAMBA,1331036,3771,0.003,0,0,0.001,0,0,0.024,0.957,0.016
72,TAMBACOUNDA,GOUDIRY,BOYNGUEL BAMBA,KOUSSAN,BOYNGUEL BAMBA,849125,2505,0.003,0,0,0.001,0,0,0.006,0.959,0.031
73,TAMBACOUNDA,GOUDIRY,BOYNGUEL BAMBA,SINTHIOU MAMADOU BOUBOU,BOYNGUEL BAMBA,3404999,3748,0.001,0,0,0,0,0,0.001,0.956,0.041
74,ZIGUINCHOR,OUSSOUYE,CABROUSSE,SANTHIABA MANJACK,CABROUSSE,146529,20,0,0.15,0.005,0.003,0.151,0,0.389,0.014,0.289
75,ZIGUINCHOR,OUSSOUYE,CABROUSSE,DIEMBERING,CABROUSSE,328422,1886,0.006,0.399,0.002,0.012,0.155,0,0.212,0.048,0.164
76,SAINT LOUIS,PODOR,CAS CAS,BODE LAO,CAS CAS,29661,9,0,0.071,0.001,0.004,0,0.001,0,0.028,0.89
77,SAINT LOUIS,PODOR,CAS CAS,AERE LAO,CAS CAS,24736,18,0.001,0,0,0.041,0,0,0,0.011,0.943
78,SAINT LOUIS,PODOR,CAS CAS,DOUMGA LAO,CAS CAS,2110722,622,0,0.032,0.001,0.001,0,0,0.001,0.017,0.944
79,SAINT LOUIS,PODOR,CAS CAS,MADINA NDIATHBE,CAS CAS,1141625,425,0,0.028,0.002,0.002,0,0,0,0.009,0.954
80,SAINT LOUIS,PODOR,CAS CAS,MERY,CAS CAS,430913,168,0,0.022,0.002,0.003,0,0,0,0.006,0.96
81,SAINT LOUIS,PODOR,CAS CAS,GOLLERE,CAS CAS,3352,0,0,0,0.001,0.156,0,0,0,0.013,0.771
82,SAINT LOUIS,PODOR,CAS CAS,MBOUMBA,CAS CAS,4555,0,0,0.002,0,0.128,0,0,0,0.005,0.862
83,SAINT LOUIS,PODOR,CAS CAS,WALALDE,CAS CAS,7454,3,0,0.049,0.01,0.021,0,0,0,0.009,0.889
84,LOUGA,LOUGA,COKI,COKI,COKI,317667,245343,0.772,0,0,0.011,0,0,0,0.001,0.216
85,LOUGA,LOUGA,COKI,GUET ARDO,COKI,199021,142698,0.717,0,0,0.006,0,0,0,0.001,0.275
86,LOUGA,LOUGA,COKI,NDIAGNE,COKI,18399,9532,0.518,0,0,0.075,0,0,0,0.004,0.403
87,LOUGA,LOUGA,COKI,PETE OUARACK,COKI,111804,96088,0.859,0,0,0.005,0,0,0,0.004,0.132
88,LOUGA,LOUGA,COKI,THIAMENE,COKI,346242,263386,0.761,0,0,0.005,0,0,0,0,0.234
89,FATICK,GOSSAS,COLOBANE,COLOBANE,COLOBANE,450970,297882,0.661,0,0,0.003,0,0,0,0.005,0.331
90,FATICK,GOSSAS,COLOBANE,MBAR,COLOBANE,467941,316091,0.675,0,0,0.005,0,0,0,0.011,0.308
91,SAINT LOUIS,DAGANA,DAGANA,DAGANA,,13867,57,0.004,0.108,0.001,0.231,0.002,0.044,0.017,0.149,0.433
92,DAKAR,DAKAR,VILLE DE DAKAR,DAKAR PLATEAU,DAKAR PLATEAU,6259,0,0,0.011,0.005,0.768,0.003,0,0.006,0.002,0.207
93,DAKAR,DAKAR,VILLE DE DAKAR,FANN POINT E AMITIE,DAKAR PLATEAU,5449,0,0,0.002,0.003,0.89,0.004,0,0.006,0.002,0.092
94,DAKAR,DAKAR,GOREE,GOREE,,218,0,0,0.037,0,0.44,0.005,0,0,0.032,0.486
95,DAKAR,DAKAR,VILLE DE DAKAR,GUEULE TAPEE-FASS-COLOBANE,DAKAR PLATEAU,2218,0,0,0,0.001,0.973,0,0,0,0,0.026
96,DAKAR,DAKAR,VILLE DE DAKAR,MEDINA,DAKAR PLATEAU,2840,0,0,0,0,0.937,0,0,0,0.003,0.06
97,KEDOUGOU,SALEMATA,DAKATELY,DAKATELY,DAKATELY,351630,17,0,0,0,0.001,0,0,0.555,0.444,0
98,KEDOUGOU,SALEMATA,DAKATELY,KEVOYE,DAKATELY,463711,8,0,0,0,0,0,0,0.608,0.35,0
99,KEDOUGOU,SALEMATA,DAR SALAM,OUBADJI,DAR SALAM,565295,54,0,0.003,0,0,0.001,0,0.768,0.226,0
100,KEDOUGOU,SALEMATA,DAR SALAM,DAR SALAM,DAR SALAM,541734,8,0,0.005,0,0,0.002,0,0.683,0.31,0
101,KEDOUGOU,SALEMATA,DAR SALAM,ETHIOLO,DAR SALAM,320216,13,0,0,0,0,0,0,0.692,0.307,0
102,KAFFRINE,MALEM HODDAR,DAROU MINAM 2,DAROU MINAM,DAROU MINAM 2,1121179,290802,0.259,0,0,0.001,0,0,0.001,0.365,0.374
103,KAFFRINE,MALEM HODDAR,DAROU MINAM 2,KHELCOM,DAROU MINAM 2,505016,213141,0.422,0,0,0,0,0,0,0.077,0.5
104,KAFFRINE,MALEM HODDAR,DAROU MINAM 2,NDIOBENE SAMBA LAMO,DAROU MINAM 2,269716,49559,0.184,0,0,0.001,0,0,0,0.647,0.168
105,KAFFRINE,MALEM HODDAR,DAROU MINAM 2,NDIOUM NGAINTH,DAROU MINAM 2,481323,120731,0.251,0,0,0.002,0,0,0,0.525,0.223
106,LOUGA,KEBEMER,DAROU MOUHTY,DAROU MARNANE,DAROU MOUHTY,204798,194891,0.952,0,0,0.008,0,0,0,0.001,0.039
107,LOUGA,KEBEMER,DAROU MOUHTY,DAROU MOUHTY,DAROU MOUHTY,487926,461873,0.947,0,0,0.012,0,0,0,0.002,0.038
108,LOUGA,KEBEMER,DAROU MOUHTY,MBACKE CAJOR,DAROU MOUHTY,105650,94582,0.895,0,0,0.007,0,0,0,0,0.096
109,LOUGA,KEBEMER,DAROU MOUHTY,MBADIANE,DAROU MOUHTY,245606,234695,0.956,0,0,0.003,0,0,0,0.001,0.039
110,LOUGA,KEBEMER,DAROU MOUHTY,NDOYENE,DAROU MOUHTY,157279,128550,0.817,0,0,0.004,0,0,0,0.003,0.175
111,LOUGA,KEBEMER,DAROU MOUHTY,SAM YABAL,DAROU MOUHTY,377262,330410,0.876,0,0,0.002,0,0,0,0.003,0.119
112,LOUGA,KEBEMER,DAROU MOUHTY,TOUBA MERINA,DAROU MOUHTY,275539,235759,0.856,0,0,0.003,0,0,0,0.001,0.141
113,DAKAR,RUFISQUE,DIAMNIADIO,DIAMNIADIO,DIAMNIADIO,80575,12240,0.152,0,0.009,0.116,0,0,0.076,0.35,0.284
114,DAKAR,RUFISQUE,DIAMNIADIO,SEBIKOTANE,DIAMNIADIO,24282,2035,0.084,0,0.001,0.168,0,0,0.08,0.359,0.304
115,TAMBACOUNDA,GOUDIRY,DIANKE MAKHA,BANI ISRAEL,DIANKE MAKHA,900746,3291,0.004,0,0,0.001,0,0,0.061,0.925,0.01
116,TAMBACOUNDA,GOUDIRY,DIANKE MAKHA,BOUTOUCOUFARA,DIANKE MAKHA,1077584,3681,0.003,0,0,0,0,0,0.311,0.682,0.003
117,TAMBACOUNDA,GOUDIRY,DIANKE MAKHA,DIANKE MAKHA,DIANKE MAKHA,1494207,5957,0.004,0,0,0,0,0,0.14,0.848,0.007
118,TAMBACOUNDA,GOUDIRY,DIANKE MAKHA,KOMOTI,DIANKE MAKHA,1008391,5720,0.006,0,0,0,0,0,0.196,0.788,0.01
119,SEDHIOU,BOUNKILING,DIAROUME,DIAMBATI,DIAROUME,560808,7926,0.014,0,0,0.001,0.001,0,0.934,0.041,0.009
120,SEDHIOU,BOUNKILING,DIAROUME,DIAROUME,DIAROUME,391342,5844,0.015,0.002,0,0.005,0.046,0,0.833,0.06,0.039
121,SEDHIOU,BOUNKILING,DIAROUME,FAOUNE,DIAROUME,253763,14837,0.058,0,0,0.005,0,0,0.791,0.141,0.005
122,SEDHIOU,BOUNKILING,DIAROUME,MADINA WANDIFA,DIAROUME,17225,1026,0.06,0,0,0.123,0,0,0.525,0.284,0.009
123,SEDHIOU,SEDHIOU,DIENDE,DIANNAH MALARY,DIENDE,14092,131,0.009,0.021,0.001,0.037,0.055,0,0.632,0.105,0.139
124,SEDHIOU,SEDHIOU,DIENDE,DIANNAH BA,DIENDE,153281,1916,0.012,0.008,0,0.005,0.002,0,0.917,0.032,0.023
125,SEDHIOU,SEDHIOU,DIENDE,DIENDE,DIENDE,241832,1066,0.004,0.003,0,0.008,0.058,0,0.878,0.038,0.011
126,SEDHIOU,SEDHIOU,DIENDE,KOUSSY,DIENDE,386766,5450,0.014,0,0,0.003,0,0,0.909,0.07,0.004
127,SEDHIOU,SEDHIOU,DIENDE,OUDOUCAR,DIENDE,163668,1278,0.008,0.004,0,0.007,0.077,0,0.81,0.066,0.028
128,SEDHIOU,SEDHIOU,DIENDE,SAKAR,DIENDE,329296,2803,0.009,0.002,0,0.003,0.057,0,0.878,0.039,0.013
129,SEDHIOU,SEDHIOU,DIENDE,SAMA KANTA PEULH,DIENDE,308945,1618,0.005,0,0,0.001,0,0,0.982,0.012,0
130,FATICK,FATICK,DIOFFIOR,DIOFFIOR,,9307,5257,0.565,0,0,0.245,0,0.001,0.004,0.059,0.126
131,KOLDA,KOLDA,DIOULACOLON,DIOULACOLON,DIOULACOLON,179027,1931,0.011,0.001,0,0.025,0,0,0.678,0.262,0.023
132,KOLDA,KOLDA,DIOULACOLON,GUIRO YERO BOCAR,DIOULACOLON,334372,3814,0.011,0,0,0.006,0,0,0.811,0.153,0.018
133,KOLDA,KOLDA,DIOULACOLON,MEDINA EL HADJ,DIOULACOLON,207909,1637,0.008,0,0,0.008,0,0,0.884,0.088,0.012
134,KOLDA,KOLDA,DIOULACOLON,SALIKEGNE,DIOULACOLON,13140,182,0.014,0,0,0.048,0,0,0.694,0.225,0.019
135,KOLDA,KOLDA,DIOULACOLON,TANKANTO ESCALE,DIOULACOLON,240890,4676,0.019,0.001,0,0.005,0,0,0.913,0.042,0.019
136,KOLDA,KOLDA,DIOULACOLON,SARE YOBA DIEGA,DIOULACOLON,12774,387,0.03,0.008,0,0.043,0,0,0.831,0.055,0.032
137,SEDHIOU,SEDHIOU,DJIBABOUYA,BEMET BIDJINI,DJIBABOUYA,190997,1700,0.009,0.006,0,0.007,0.134,0,0.654,0.067,0.122
138,SEDHIOU,SEDHIOU,DJIBABOUYA,DJIBABOUYA,DJIBABOUYA,108370,1105,0.01,0.004,0,0.006,0.056,0,0.751,0.038,0.135
139,SEDHIOU,SEDHIOU,DJIBABOUYA,SAN SAMBA,DJIBABOUYA,442618,2414,0.005,0.002,0,0.003,0.027,0,0.894,0.024,0.044
140,SEDHIOU,GOUDOMP,DJIBANAR,DIATTACOUNDA,DJIBANAR,11797,123,0.01,0.007,0,0.077,0.493,0,0.327,0.058,0.027
141,SEDHIOU,GOUDOMP,DJIBANAR,DJIBANAR,DJIBANAR,187529,157,0.001,0.002,0,0.009,0.069,0,0.899,0.012,0.008
142,SEDHIOU,GOUDOMP,DJIBANAR,KAOUR,DJIBANAR,78916,85,0.001,0.018,0,0.009,0.196,0,0.733,0.014,0.03
143,SEDHIOU,GOUDOMP,DJIBANAR,MANGAROUNGOU SANTO,DJIBANAR,135029,299,0.002,0.002,0,0.009,0.085,0,0.865,0.01,0.026
144,SEDHIOU,GOUDOMP,DJIBANAR,SAMINE,DJIBANAR,9302,54,0.006,0.046,0,0.109,0,0,0.787,0.036,0.016
145,SEDHIOU,GOUDOMP,DJIBANAR,SIMBANDI BALANTE,DJIBANAR,267973,531,0.002,0.006,0,0.01,0.101,0,0.803,0.025,0.052
146,SEDHIOU,GOUDOMP,DJIBANAR,YARANG BALANTE,DJIBANAR,139421,213,0.002,0.015,0,0.011,0.04,0,0.904,0.01,0.018
147,FATICK,FOUNDIOUGNE,DJILOR,DIAGANE BARKA,DJILOR,85238,59844,0.702,0,0,0.008,0,0,0.079,0.161,0.049
148,FATICK,FOUNDIOUGNE,DJILOR,DIOSSONG,DJILOR,197097,118591,0.602,0.083,0.002,0.011,0.023,0,0.081,0.1,0.099
149,FATICK,FOUNDIOUGNE,DJILOR,DJILOR,DJILOR,415821,124146,0.299,0.132,0.018,0.004,0.066,0,0.072,0.151,0.257
150,FATICK,FOUNDIOUGNE,DJILOR,MBAM,DJILOR,156719,50312,0.321,0.074,0.035,0.01,0.142,0,0.019,0.099,0.298
151,FATICK,FOUNDIOUGNE,DJILOR,NIASSENE,DJILOR,106803,92853,0.869,0,0,0.013,0,0,0.03,0.057,0.031
152,FATICK,FOUNDIOUGNE,DJILOR,PASSY,DJILOR,9028,4536,0.502,0,0,0.242,0,0,0.04,0.163,0.052
153,FATICK,FOUNDIOUGNE,DJILOR,SOUM,DJILOR,2036,786,0.386,0,0,0.355,0,0,0.002,0.111,0.145
154,SEDHIOU,SEDHIOU,DJIREDJI,BAMBALY,DJIREDJI,362999,1065,0.003,0.003,0,0.005,0.171,0,0.722,0.019,0.076
155,SEDHIOU,SEDHIOU,DJIREDJI,DJIREDJI,DJIREDJI,399197,1507,0.004,0.002,0,0.006,0.183,0,0.718,0.03,0.057
156,LOUGA,LINGUERE,DODJI,DODJI,DODJI,1114389,13699,0.012,0,0,0.001,0,0,0.001,0.019,0.956
157,LOUGA,LINGUERE,DODJI,LABGAR,DODJI,1123975,663,0.001,0,0,0,0,0,0,0.007,0.991
158,LOUGA,LINGUERE,DODJI,OUARKHOKH,DODJI,886639,218006,0.246,0,0,0.002,0,0,0,0.016,0.733
159,KOLDA,MEDINA YORO FOULAH,FAFACOUROU,BADION,FAFACOUROU,453920,13509,0.03,0,0,0.003,0,0,0.52,0.391,0.056
160,KOLDA,MEDINA YORO FOULAH,FAFACOUROU,FAFACOUROU,FAFACOUROU,466681,5597,0.012,0,0,0.001,0,0,0.771,0.186,0.029
161,FATICK,FATICK,FATICK,FATICK,,18200,5070,0.279,0.007,0.033,0.294,0.001,0,0,0.058,0.326
162,FATICK,FATICK,FIMELA,DJILASSE,FIMELA,293634,92385,0.315,0.028,0.089,0.003,0.162,0,0.012,0.043,0.344
163,FATICK,FATICK,FIMELA,FIMELA,FIMELA,363045,81927,0.226,0.097,0.051,0.014,0.17,0.001,0.018,0.082,0.338
164,FATICK,FATICK,FIMELA,LOUL SESSENE,FIMELA,329442,160951,0.489,0.024,0.094,0.004,0.028,0,0.007,0.03,0.321
165,FATICK,FATICK,FIMELA,PALMARIN FACAO,FIMELA,75144,3994,0.053,0.229,0.023,0.023,0.143,0,0.015,0.145,0.37
166,THIES,MBOUR,FISSEL,FISSEL,FISSEL,253428,228140,0.9,0,0,0.013,0,0,0.002,0.02,0.065
167,THIES,MBOUR,FISSEL,NDIAGANIAO,FISSEL,309316,267913,0.866,0,0,0.015,0,0,0.001,0.017,0.102
168,KEDOUGOU,KEDOUGOU,FONGOLIMBI,DIMBOLI,FONGOLIMBI,1334139,24,0,0.001,0,0,0,0,0.577,0.422,0
169,KEDOUGOU,KEDOUGOU,FONGOLIMBI,FONGOLIMBI,FONGOLIMBI,179087,6,0,0.002,0,0.004,0,0,0.611,0.382,0
170,FATICK,FOUNDIOUGNE,FOUNDIOUGNE,FOUNDIOUGNE,,5208,202,0.039,0.003,0.026,0.278,0.002,0,0,0.122,0.527
171,SAINT LOUIS,PODOR,GAMADJI SARE,DEMETTE,GAMADJI SARE,11801,8,0.001,0.09,0.006,0.029,0,0.001,0.001,0.031,0.833
172,SAINT LOUIS,PODOR,GAMADJI SARE,DODEL,GAMADJI SARE,1217768,188,0,0.075,0.002,0.002,0,0,0,0.009,0.905
173,SAINT LOUIS,PODOR,GAMADJI SARE,GAMADJI SARE,GAMADJI SARE,1670205,271,0,0.02,0.001,0.001,0,0,0.001,0.007,0.965
174,SAINT LOUIS,PODOR,GAMADJI SARE,GUEDE VILLAGE,GAMADJI SARE,1519039,992,0.001,0.032,0.001,0.002,0,0.002,0.001,0.03,0.927
175,SAINT LOUIS,PODOR,GAMADJI SARE,GUEDE CHANTIER,GAMADJI SARE,7947,95,0.012,0.042,0,0.052,0,0.003,0.007,0.349,0.533
176,SAINT LOUIS,PODOR,NDIOUM,NDIOUM,,13752,16,0.001,0.043,0.004,0.117,0,0.001,0.001,0.05,0.777
177,SAINT LOUIS,PODOR,PODOR,PODOR,,6890,38,0.006,0.097,0.006,0.204,0,0.002,0.003,0.051,0.569
178,KAFFRINE,KAFFRINE,GNIBY,BOULEL,GNIBY,738493,261476,0.354,0,0,0.003,0,0,0,0.189,0.454
179,KAFFRINE,KAFFRINE,GNIBY,GNIBY,GNIBY,401236,177853,0.443,0,0,0.004,0,0,0.001,0.038,0.514
180,KAFFRINE,KAFFRINE,GNIBY,KAHI,GNIBY,301102,140411,0.466,0,0,0.007,0,0,0.001,0.185,0.341
181,TAMBACOUNDA,GOUDIRY,GOUDIRY,GOUDIRY,,24434,40,0.002,0,0.001,0.047,0,0,0.001,0.761,0.189
182,SEDHIOU,GOUDOMP,GOUDOMP,GOUDOMP,,8686,37,0.004,0.004,0,0.216,0.381,0,0.265,0.083,0.046
183,DAKAR,DAKAR,VILLE DE DAKAR,BISCUITERIE,GRAND DAKAR,1426,0,0,0,0,0.995,0,0,0,0,0.005
184,DAKAR,DAKAR,VILLE DE DAKAR,DIEUPPEUL DERKLE,GRAND DAKAR,1726,0,0,0,0,0.997,0,0,0,0,0.003
185,DAKAR,DAKAR,VILLE DE DAKAR,GRAND DAKAR,GRAND DAKAR,1174,0,0,0,0.003,0.993,0,0,0,0,0.004
186,DAKAR,DAKAR,VILLE DE DAKAR,HANN BEL AIR,GRAND DAKAR,13782,2,0,0.01,0.008,0.8,0.01,0,0.031,0.005,0.129
187,DAKAR,DAKAR,VILLE DE DAKAR,HLM,GRAND DAKAR,2044,0,0,0,0,0.96,0,0,0,0,0.04
188,DAKAR,DAKAR,VILLE DE DAKAR,SICAP LIBERTE,GRAND DAKAR,2209,0,0,0,0,0.994,0,0,0,0,0.006
189,KAFFRINE,KOUNGHEUL,IDA MOURIDE,FASS THIEKENE,IDA MOURIDE,390559,17022,0.044,0,0,0.004,0,0,0.004,0.615,0.334
190,KAFFRINE,KOUNGHEUL,IDA MOURIDE,IDA MOURIDE,IDA MOURIDE,562469,20354,0.036,0,0,0.003,0,0,0.004,0.691,0.266
191,KAFFRINE,KOUNGHEUL,IDA MOURIDE,SALY ESCALE,IDA MOURIDE,449628,47750,0.106,0,0,0.003,0,0,0.013,0.62,0.256
192,DAKAR,KEUR MASSAR,JAXAAY,JAXAAY PARCELLES,JAXAAY,5859,21,0.004,0,0.001,0.802,0,0.001,0.002,0.107,0.083
193,DAKAR,KEUR MASSAR,JAXAAY,KEUR MASSAR SUD,JAXAAY,6431,16,0.002,0,0.002,0.932,0,0,0.001,0.019,0.043
194,THIES,MBOUR,JOAL FADHIOUTH,JOAL FADHIOUTH,,24437,6506,0.266,0.016,0.004,0.195,0.007,0,0.144,0.189,0.175
195,DIOURBEL,MBACKE,KAEL,DAROU NAHIM,KAEL,47136,42105,0.893,0,0,0.003,0,0,0,0.002,0.101
196,DIOURBEL,MBACKE,KAEL,DAROU SALAM TYP,KAEL,120650,100850,0.836,0,0,0.003,0,0,0,0.004,0.157
197,DIOURBEL,MBACKE,KAEL,DENDEYE GOUY GUI,KAEL,65716,62205,0.947,0,0,0.007,0,0,0,0.01,0.036
198,DIOURBEL,MBACKE,KAEL,KAEL,KAEL,131332,113315,0.863,0,0,0.002,0,0,0,0.009,0.126
199,DIOURBEL,MBACKE,KAEL,MADINA,KAEL,133754,99328,0.743,0,0,0.004,0,0,0,0.009,0.244
200,DIOURBEL,MBACKE,KAEL,NDIOUMANE,KAEL,117658,95311,0.81,0,0,0.003,0,0,0,0.008,0.179
201,DIOURBEL,MBACKE,KAEL,TAIBA THIEKENE,KAEL,42317,36227,0.856,0,0,0.003,0,0,0,0.005,0.136
202,DIOURBEL,MBACKE,KAEL,TOUBA MBOUL,KAEL,161389,128316,0.795,0,0,0.004,0,0,0,0.006,0.196
203,KAFFRINE,KAFFRINE,KAFFRINE,KAFFRINE,,27905,10532,0.377,0,0,0.205,0,0,0,0.138,0.278
204,KAOLACK,KAOLACK,KAHONE,KAHONE,,20378,7316,0.359,0.011,0.01,0.146,0,0,0,0.138,0.335
205,SEDHIOU,GOUDOMP,KARANTABA,KARANTABA,KARANTABA,237830,1152,0.005,0.002,0,0.007,0.117,0,0.805,0.035,0.029
206,SEDHIOU,GOUDOMP,KARANTABA,KOLIBANTANG,KARANTABA,284144,1768,0.006,0.001,0,0.003,0.01,0,0.941,0.02,0.018
207,ZIGUINCHOR,BIGNONA,KATABA 1,KATABA 1,KATABA 1,629925,543,0.001,0.017,0.003,0.005,0.013,0,0.904,0.009,0.046
208,ZIGUINCHOR,BIGNONA,KATABA 1,DIOULOULOU,KATABA 1,53809,136,0.003,0.007,0.013,0.022,0.098,0,0.705,0.024,0.128
209,ZIGUINCHOR,BIGNONA,KATABA 1,DJINAKY,KATABA 1,511120,826,0.002,0.038,0.006,0.004,0.063,0,0.634,0.025,0.228
210,ZIGUINCHOR,BIGNONA,KATABA 1,KAFOUNTINE,KATABA 1,984677,1725,0.002,0.458,0.004,0.006,0.209,0,0.167,0.02,0.133
211,KAFFRINE,KAFFRINE,KATAKEL,DIAMAGADIO,KATAKEL,357319,152201,0.426,0.004,0,0.004,0.001,0,0.033,0.418,0.114
212,KAFFRINE,KAFFRINE,KATAKEL,DIOKOUL BELBOUCK,KATAKEL,293412,123057,0.419,0,0,0.006,0,0,0,0.283,0.291
213,KAFFRINE,KAFFRINE,KATAKEL,KATHIOTTE,KATAKEL,369981,168040,0.454,0,0,0.009,0,0,0.001,0.228,0.308
214,KAFFRINE,KAFFRINE,KATAKEL,MEDINATOUL SALAM 2,KATAKEL,321795,83855,0.261,0,0,0.004,0,0,0.025,0.62,0.09
215,LOUGA,KEBEMER,KEBEMER,KEBEMER,,18908,837,0.044,0,0,0.208,0,0,0,0.004,0.737
216,TAMBACOUNDA,BAKEL,KENIEBA,GATHIARY,KENIEBA,695045,1091,0.002,0.003,0.001,0.001,0.002,0,0.002,0.951,0.038
217,TAMBACOUNDA,BAKEL,KENIEBA,MADINA FOULBE,KENIEBA,1163467,173,0,0.001,0,0.001,0.001,0,0.005,0.979,0.013
218,TAMBACOUNDA,BAKEL,KENIEBA,SADATOU,KENIEBA,1901293,3207,0.002,0,0,0.001,0.001,0,0.088,0.901,0.006
219,TAMBACOUNDA,BAKEL,KENIEBA,TOUMBOURA,KENIEBA,532000,1904,0.004,0.001,0,0.001,0.002,0,0.003,0.957,0.033
220,KAFFRINE,BIRKELANE,KEUR MBOUCKI,DIAMAL,KEUR MBOUCKI,223516,148425,0.664,0,0,0.005,0,0,0.002,0.081,0.249
221,KAFFRINE,BIRKELANE,KEUR MBOUCKI,KEUR MBOUCKI,KEUR MBOUCKI,152576,97866,0.641,0,0.002,0.007,0,0,0.001,0.083,0.265
222,KAFFRINE,BIRKELANE,KEUR MBOUCKI,TOUBA MBELLA,KEUR MBOUCKI,225206,141170,0.627,0,0,0.004,0,0,0.001,0.1,0.268
223,LOUGA,LOUGA,KEUR MOMAR SARR,GANDE,KEUR MOMAR SARR,843700,283761,0.336,0.003,0,0.001,0,0,0.001,0.013,0.645
224,LOUGA,LOUGA,KEUR MOMAR SARR,KEUR MOMAR SARR,KEUR MOMAR SARR,977440,74401,0.076,0.095,0,0.003,0.024,0.001,0.004,0.02,0.777
225,LOUGA,LOUGA,KEUR MOMAR SARR,NGUER MALAL,KEUR MOMAR SARR,598189,225027,0.376,0.013,0,0.008,0,0,0.001,0.008,0.593
226,LOUGA,LOUGA,KEUR MOMAR SARR,SYER,KEUR MOMAR SARR,985286,32350,0.033,0.016,0,0,0.016,0.001,0.002,0.021,0.91
227,THIES,THIES,KEUR MOUSSA,FANDENE,KEUR MOUSSA,101986,37377,0.366,0,0,0.067,0,0.001,0.011,0.29,0.264
228,THIES,THIES,KEUR MOUSSA,KEUR MOUSSA,KEUR MOUSSA,282006,46553,0.165,0,0.005,0.028,0,0,0.112,0.502,0.186
229,THIES,THIES,KEUR MOUSSA,KAYAR,KEUR MOUSSA,23717,3749,0.158,0,0.029,0.081,0.001,0,0.06,0.213,0.441
230,THIES,THIES,KEUR MOUSSA,DIENDER,KEUR MOUSSA,113312,38900,0.343,0,0.003,0.046,0,0,0.064,0.256,0.28
231,THIES,THIES,POUT,POUT,,5700,164,0.029,0,0,0.494,0,0,0.1,0.315,0.062
232,THIES,THIES,KHOMBOLE,KHOMBOLE,,5234,1463,0.28,0,0,0.439,0,0,0,0.026,0.256
233,TAMBACOUNDA,GOUDIRY,KOULOR,KOTHIARY,KOULOR,12836,142,0.011,0,0.001,0.052,0,0,0.002,0.848,0.086
234,TAMBACOUNDA,GOUDIRY,KOULOR,KOULOR,KOULOR,1432500,5719,0.004,0,0,0,0,0,0.003,0.973,0.02
235,TAMBACOUNDA,GOUDIRY,KOULOR,SINTHIOU BOCAR ALY,KOULOR,1753300,2516,0.001,0,0,0,0,0,0.001,0.978,0.02
236,KAOLACK,KAOLACK,KAOLACK,KAOLACK,,80438,6823,0.085,0.05,0.07,0.292,0.037,0.001,0,0.087,0.374
237,KAOLACK,KAOLACK,KOUMBAL,KEUR BAKA,KOUMBAL,231151,178241,0.771,0,0,0.009,0,0,0.132,0.043,0.044
238,KAOLACK,KAOLACK,KOUMBAL,LATMINGUE,KOUMBAL,379897,252349,0.664,0.02,0.027,0.008,0.001,0,0.007,0.073,0.198
239,KAOLACK,KAOLACK,KOUMBAL,NDOFFANE,KOUMBAL,14442,10543,0.73,0,0,0.139,0,0,0.007,0.053,0.071
240,KAOLACK,KAOLACK,KOUMBAL,THIARE,KOUMBAL,227751,196395,0.862,0,0,0.01,0,0,0.03,0.03,0.067
241,TAMBACOUNDA,KOUMPENTOUM,KOUMPENTOUM,KOUMPENTOUM,,21298,823,0.039,0,0,0.082,0,0,0.002,0.544,0.333
242,KAFFRINE,KOUNGHEUL,KOUNGHEUL,KOUNGHEUL,,9627,270,0.028,0,0.001,0.373,0,0,0.002,0.239,0.357
243,TAMBACOUNDA,TAMBACOUNDA,KOUSSANAR,KOUSSANAR,KOUSSANAR,2235227,11038,0.005,0,0,0.001,0,0,0.001,0.953,0.04
244,TAMBACOUNDA,TAMBACOUNDA,KOUSSANAR,SINTHIOU MALEME,KOUSSANAR,1301708,20370,0.016,0,0,0.002,0,0,0.005,0.935,0.043
245,TAMBACOUNDA,KOUMPENTOUM,KOUTHIABA WOLOF,KOUTHIA GUAYDI,KOUTHIABA WOLOF,2300624,7256,0.003,0,0,0,0,0,0,0.957,0.039
246,TAMBACOUNDA,KOUMPENTOUM,KOUTHIABA WOLOF,KOUTHIABA WOLOF,KOUTHIABA WOLOF,1270352,41415,0.033,0,0,0.001,0,0,0.002,0.812,0.152
247,TAMBACOUNDA,KOUMPENTOUM,KOUTHIABA WOLOF,PAYAR,KOUTHIABA WOLOF,1423449,30060,0.021,0,0,0.001,0,0,0.002,0.698,0.279
248,TAMBACOUNDA,KOUMPENTOUM,KOUTHIABA WOLOF,MALEM NIANI,KOUTHIABA WOLOF,37267,1414,0.038,0,0,0.008,0,0,0.009,0.8,0.146
249,TAMBACOUNDA,KOUMPENTOUM,KOUTHIABA WOLOF,PASS KOTO,KOUTHIABA WOLOF,1072120,12326,0.011,0,0,0.001,0,0,0.002,0.948,0.038
250,DIOURBEL,BAMBEY,LAMBAYE,GAWANE,LAMBAYE,167955,158433,0.943,0,0,0.008,0,0,0,0.005,0.043
251,DIOURBEL,BAMBEY,LAMBAYE,LAMBAYE,LAMBAYE,146555,123869,0.845,0,0,0.019,0,0,0,0.005,0.131
252,DIOURBEL,BAMBEY,LAMBAYE,NGOGOM,LAMBAYE,124301,104101,0.837,0,0,0.027,0,0,0.002,0.017,0.117
253,DIOURBEL,BAMBEY,LAMBAYE,REFANE,LAMBAYE,76146,51210,0.673,0,0,0.059,0,0,0,0.006,0.262
254,ZIGUINCHOR,OUSSOUYE,LOUDIA OUOLOF,MLOMP,LOUDIA OUOLOF,264241,2364,0.009,0.271,0.001,0.005,0.223,0,0.285,0.054,0.151
255,ZIGUINCHOR,OUSSOUYE,LOUDIA OUOLOF,OUKOUT,LOUDIA OUOLOF,261036,491,0.002,0.19,0.002,0.003,0.117,0,0.451,0.015,0.22
256,LOUGA,LOUGA,LOUGA,LOUGA,,26699,2087,0.078,0.001,0,0.551,0,0.001,0.001,0.033,0.334
257,KAFFRINE,KOUNGHEUL,LOUR ESCALE,LOUR ESCALE,LOUR ESCALE,752728,35841,0.048,0,0,0.002,0,0,0.002,0.571,0.377
258,KAFFRINE,KOUNGHEUL,LOUR ESCALE,RIBOT ESCALE,LOUR ESCALE,775585,38362,0.049,0,0,0.001,0,0,0.002,0.448,0.5
259,KAFFRINE,BIRKELANE,MABO,MABO,MABO,263071,179786,0.683,0.012,0,0.01,0.002,0,0.017,0.162,0.113
260,KAFFRINE,BIRKELANE,MABO,MBEULEUP,MABO,65024,44645,0.687,0,0,0.01,0,0,0.014,0.154,0.136
261,KAFFRINE,BIRKELANE,MABO,NDIOGNICK,MABO,295432,209425,0.709,0,0,0.011,0,0,0.003,0.076,0.201
262,KAFFRINE,BIRKELANE,MABO,SEGRE GATTA,MABO,67479,56573,0.838,0,0,0.009,0,0,0.021,0.062,0.07
263,TAMBACOUNDA,TAMBACOUNDA,MAKACOLIBANTANG,MAKACOLIBANTANG,MAKACOLIBANTANG,1042080,36256,0.035,0,0,0.003,0,0,0.032,0.862,0.068
264,TAMBACOUNDA,TAMBACOUNDA,MAKACOLIBANTANG,NDOGA BABACAR,MAKACOLIBANTANG,1042581,31267,0.03,0,0,0.001,0,0,0.014,0.893,0.062
265,TAMBACOUNDA,TAMBACOUNDA,MAKACOLIBANTANG,NIANI TOUCOULEUR,MAKACOLIBANTANG,442900,13363,0.03,0,0,0.002,0,0,0.022,0.858,0.088
266,KAFFRINE,MALEM HODDAR,MALEM HODDAR,MALEM HODDAR,,65998,19499,0.295,0,0,0.016,0,0,0,0.277,0.412
267,DAKAR,KEUR MASSAR,MALIKA,KEUR MASSAR NORD,MALIKA,19845,283,0.014,0.002,0.01,0.614,0.002,0.001,0.019,0.09,0.242
268,DAKAR,KEUR MASSAR,MALIKA,MALIKA,MALIKA,9081,3,0,0.014,0.032,0.425,0.029,0,0.023,0.094,0.369
269,KOLDA,KOLDA,MAMPATIM,BAGADADJI,MAMPATIM,540566,4767,0.009,0,0,0.004,0,0,0.825,0.146,0.015
270,KOLDA,KOLDA,MAMPATIM,COUMBACARA,MAMPATIM,468020,2631,0.006,0,0,0.002,0,0,0.891,0.093,0.007
271,KOLDA,KOLDA,MAMPATIM,DABO,MAMPATIM,53945,1283,0.024,0,0,0.022,0,0,0.524,0.382,0.049
272,KOLDA,KOLDA,MAMPATIM,DIALAMBERE,MAMPATIM,603271,5273,0.009,0,0,0.002,0,0,0.736,0.236,0.017
273,KOLDA,KOLDA,MAMPATIM,MAMPATIM,MAMPATIM,432828,7090,0.016,0,0,0.005,0,0,0.607,0.328,0.044
274,KOLDA,KOLDA,MAMPATIM,MEDINA CHERIF,MAMPATIM,373363,15598,0.042,0.013,0,0.003,0.003,0,0.539,0.34,0.06
275,SEDHIOU,SEDHIOU,MARSASSOUM,MARSASSOUM,,19022,801,0.042,0.006,0,0.075,0.178,0,0.442,0.143,0.112
276,KAOLACK,GUINGUINEO,MBADAKHOUNE,FASS,MBADAKHOUNE,3978,2439,0.613,0,0,0.142,0,0,0,0.043,0.202
277,KAOLACK,GUINGUINEO,MBADAKHOUNE,KHELCOM BIRANE,MBADAKHOUNE,108973,94916,0.871,0,0,0.009,0,0,0.002,0.028,0.09
278,KAOLACK,GUINGUINEO,MBADAKHOUNE,MBADAKHOUNE,MBADAKHOUNE,169612,126927,0.748,0.012,0.009,0.009,0.002,0,0.003,0.03,0.187
279,KAOLACK,GUINGUINEO,MBADAKHOUNE,NDIAGO,MBADAKHOUNE,220531,161150,0.731,0,0,0.004,0,0,0.001,0.017,0.248
280,KAOLACK,GUINGUINEO,MBADAKHOUNE,NGATHIE NAOUDE,MBADAKHOUNE,208900,138110,0.661,0.001,0.004,0.005,0,0,0.001,0.035,0.292
281,SAINT LOUIS,DAGANA,MBANE,GAE,MBANE,72323,195,0.003,0.116,0.001,0.016,0.005,0.126,0.059,0.484,0.189
282,SAINT LOUIS,DAGANA,MBANE,BOKHOL,MBANE,644458,1394,0.002,0.015,0,0.003,0.003,0.014,0.017,0.031,0.913
283,SAINT LOUIS,DAGANA,MBANE,MBANE,MBANE,2095474,29113,0.014,0.004,0,0.001,0.004,0.007,0.009,0.023,0.938
284,SAINT LOUIS,DAGANA,MBANE,NDOMBO SANDJIRY,MBANE,15878,313,0.02,0.012,0,0.03,0,0.105,0.227,0.211,0.395
285,LOUGA,LOUGA,MBEDIENE,KELE GUEYE,MBEDIENE,119884,31948,0.266,0,0,0.016,0,0,0,0.003,0.708
286,LOUGA,LOUGA,MBEDIENE,MBEDIENE,MBEDIENE,278241,116480,0.419,0,0,0.006,0,0,0,0.001,0.57
287,LOUGA,LOUGA,MBEDIENE,NGUIDILE,MBEDIENE,183508,38795,0.211,0,0,0.029,0,0,0,0.005,0.751
288,LOUGA,LOUGA,MBEDIENE,NIOMRE,MBEDIENE,268550,128188,0.477,0,0,0.013,0,0,0,0.003,0.506
289,THIES,MBOUR,MBOUR,MBOUR,,27781,841,0.03,0.001,0.002,0.777,0.001,0,0.019,0.084,0.085
290,KAOLACK,NIORO,MEDINA SABAKH,KAYEMOR,MEDINA SABAKH,193877,132843,0.685,0.008,0,0.011,0.001,0,0.031,0.189,0.075
291,KAOLACK,NIORO,MEDINA SABAKH,MEDINA SABAKH,MEDINA SABAKH,291574,185520,0.636,0.031,0.006,0.017,0.006,0,0.066,0.166,0.073
292,KAOLACK,NIORO,MEDINA SABAKH,NGAYENE,MEDINA SABAKH,216626,150580,0.695,0,0,0.01,0,0,0.102,0.149,0.045
293,THIES,TIVAOUANE,MEOUANE,MBORO,MEOUANE,12482,2161,0.173,0.001,0.002,0.333,0,0.004,0.255,0.076,0.15
294,THIES,TIVAOUANE,MEOUANE,DAROU KHOUDOSS,MEOUANE,681695,246908,0.362,0.009,0.049,0.019,0,0.002,0.054,0.126,0.352
295,THIES,TIVAOUANE,MEOUANE,MEOUANE,MEOUANE,374317,84553,0.226,0,0.005,0.014,0,0,0.004,0.028,0.717
296,THIES,TIVAOUANE,MEOUANE,TAIBA NDIAYE,MEOUANE,161361,62808,0.389,0,0.022,0.024,0,0.001,0.024,0.165,0.368
297,THIES,TIVAOUANE,MEKHE,MEKHE,,7388,1113,0.151,0,0.001,0.457,0,0,0,0.019,0.37
298,THIES,TIVAOUANE,MERINA DAKHAR,KOUL,MERINA DAKHAR,257146,206994,0.805,0,0,0.016,0,0,0,0.002,0.174
299,THIES,TIVAOUANE,MERINA DAKHAR,MERINA DAKHAR,MERINA DAKHAR,334895,196112,0.586,0,0,0.016,0,0,0,0.002,0.394
300,THIES,TIVAOUANE,MERINA DAKHAR,PEKESSE,MERINA DAKHAR,157678,123237,0.782,0,0,0.021,0,0,0,0.002,0.195
301,TAMBACOUNDA,TAMBACOUNDA,MISSIRAH,DIALACOTO,MISSIRAH,6937082,6254,0.001,0.002,0,0,0,0,0.539,0.455,0.002
302,TAMBACOUNDA,TAMBACOUNDA,MISSIRAH,MISSIRAH,MISSIRAH,1642264,20846,0.013,0.004,0,0.003,0,0,0.197,0.749,0.035
303,TAMBACOUNDA,TAMBACOUNDA,MISSIRAH,NETTEBOULOU,MISSIRAH,869733,18242,0.021,0.002,0,0.002,0.001,0,0.036,0.895,0.043
304,KAFFRINE,KOUNGHEUL,MISSIRAH WADENE,NGAINTHE PATHE,MISSIRAH WADENE,1466994,77586,0.053,0,0,0.001,0,0,0.002,0.663,0.281
305,KAFFRINE,KOUNGHEUL,MISSIRAH WADENE,MAKA YOP,MISSIRAH WADENE,434735,100362,0.231,0,0,0.002,0,0,0.003,0.593,0.17
306,KAFFRINE,KOUNGHEUL,MISSIRAH WADENE,MISSIRAH WADENE,MISSIRAH WADENE,404449,106217,0.263,0,0,0.003,0,0,0.009,0.614,0.111
307,TAMBACOUNDA,BAKEL,MOUDERY,BALLOU,MOUDERY,346506,2054,0.006,0.009,0.002,0.005,0.002,0.001,0.003,0.572,0.399
308,TAMBACOUNDA,BAKEL,MOUDERY,DIAWARA,MOUDERY,9535,25,0.003,0.053,0.001,0.134,0.005,0.002,0.002,0.069,0.7
309,TAMBACOUNDA,BAKEL,MOUDERY,GABOU,MOUDERY,796225,3263,0.004,0.001,0,0.002,0,0,0.002,0.423,0.567
310,TAMBACOUNDA,BAKEL,MOUDERY,MOUDERY,MOUDERY,350308,668,0.002,0.036,0.001,0.006,0.002,0.003,0.005,0.064,0.88
311,DIOURBEL,MBACKE,NDAME,DALLA NGABOU,NDAME,93076,76606,0.823,0,0,0.013,0,0,0,0.021,0.142
312,DIOURBEL,MBACKE,NDAME,MISSIRAH,NDAME,123569,116025,0.939,0,0,0.004,0,0,0,0.002,0.055
313,DIOURBEL,MBACKE,NDAME,NGHAYE,NDAME,112193,100882,0.899,0,0,0.004,0,0,0,0.006,0.09
314,DIOURBEL,MBACKE,NDAME,TOUBA FALL,NDAME,122259,111754,0.914,0,0,0.002,0,0,0,0.002,0.082
315,DIOURBEL,MBACKE,NDAME,TOUBA MOSQUEE,NDAME,602561,328170,0.545,0,0,0.15,0,0,0,0.007,0.297
316,LOUGA,KEBEMER,NDANDE,GUEOUL,NDANDE,4567,112,0.025,0,0,0.287,0,0,0,0.002,0.682
317,LOUGA,KEBEMER,NDANDE,BADEGNE OUOLOF,NDANDE,310227,13025,0.042,0,0,0.007,0,0,0,0.001,0.919
318,LOUGA,KEBEMER,NDANDE,DIOKOUL DIAWRIGNE,NDANDE,260990,18873,0.072,0,0,0.009,0,0,0.001,0.005,0.896
319,LOUGA,KEBEMER,NDANDE,KAB GAYE,NDANDE,313303,67842,0.217,0,0,0.004,0,0,0,0.004,0.765
320,LOUGA,KEBEMER,NDANDE,NDANDE,NDANDE,171623,20403,0.119,0,0,0.024,0,0,0.001,0.003,0.841
321,LOUGA,KEBEMER,NDANDE,THIEPPE,NDANDE,532525,47646,0.089,0.004,0.04,0.005,0,0.001,0.006,0.033,0.789
322,SAINT LOUIS,DAGANA,NDIAYE,ROSS BETHIO,NDIAYE,135694,2218,0.016,0.006,0.056,0.014,0,0.023,0.004,0.125,0.743
323,SAINT LOUIS,DAGANA,NDIAYE,ROSSO,NDIAYE,52715,213,0.004,0.059,0,0.029,0.03,0.214,0.148,0.203,0.307
324,SAINT LOUIS,DAGANA,NDIAYE,DIAMA,NDIAYE,1594189,44192,0.028,0.146,0.037,0.004,0.028,0.081,0.027,0.149,0.496
325,SAINT LOUIS,DAGANA,NDIAYE,NGNITH,NDIAYE,1038288,40077,0.039,0.038,0.015,0.002,0.145,0.002,0.003,0.035,0.712
326,SAINT LOUIS,DAGANA,NDIAYE,RONKH,NDIAYE,717070,3364,0.005,0.068,0.011,0.004,0.048,0.11,0.081,0.208,0.455
327,KAOLACK,KAOLACK,NDIEDIENG,KEUR SOCE,NDIEDIENG,208343,173500,0.833,0,0,0.014,0,0,0.075,0.041,0.038
328,KAOLACK,KAOLACK,NDIEDIENG,NDIAFFATE,NDIEDIENG,344795,170147,0.493,0.042,0.042,0.009,0.077,0,0.016,0.075,0.244
329,KAOLACK,KAOLACK,NDIEDIENG,NDIEDIENG,NDIEDIENG,171229,144332,0.843,0,0,0.017,0,0,0.04,0.066,0.034
330,DIOURBEL,DIOURBEL,NDINDY,NDANKH SENE,NDINDY,138414,131929,0.953,0,0,0.007,0,0,0,0.002,0.038
331,DIOURBEL,DIOURBEL,NDINDY,GADE ESCALE,NDINDY,63698,60784,0.954,0,0,0.005,0,0,0,0.002,0.039
332,DIOURBEL,DIOURBEL,NDINDY,KEUR NGALGOU,NDINDY,109345,101170,0.925,0,0,0.005,0,0,0,0.003,0.066
333,DIOURBEL,DIOURBEL,NDINDY,NDINDY,NDINDY,213718,206420,0.966,0,0,0.005,0,0,0,0.003,0.027
334,DIOURBEL,DIOURBEL,NDINDY,TAIBA MOUTOUPHA,NDINDY,142432,133924,0.94,0,0,0.007,0,0,0,0.008,0.044
335,DIOURBEL,DIOURBEL,NDINDY,TOUBA LAPPE,NDINDY,89893,87040,0.968,0,0,0.004,0,0,0,0.002,0.024
336,FATICK,FATICK,NDIOP,DIAKHAO,NDIOP,13344,10792,0.809,0,0,0.054,0,0,0,0.025,0.112
337,FATICK,FATICK,NDIOP,DIAOULE,NDIOP,133500,122087,0.915,0,0,0.008,0,0,0,0.011,0.067
338,FATICK,FATICK,NDIOP,MBELLACADIAO,NDIOP,275589,122108,0.443,0.027,0.086,0.005,0.025,0,0.001,0.038,0.37
339,FATICK,FATICK,NDIOP,NDIOP,NDIOP,147457,136110,0.923,0,0,0.01,0,0,0,0.005,0.061
340,FATICK,FATICK,NDIOP,THIARE NDIALGUI,NDIOP,164036,142769,0.87,0,0,0.01,0,0,0.001,0.017,0.102
341,KOLDA,MEDINA YORO FOULAH,NDORNA,BIGNARABE,NDORNA,379260,3420,0.009,0.002,0,0.002,0,0,0.842,0.133,0.012
342,KOLDA,MEDINA YORO FOULAH,NDORNA,BOUROUCO,NDORNA,648950,75577,0.116,0,0,0.002,0,0,0.466,0.401,0.015
343,KOLDA,MEDINA YORO FOULAH,NDORNA,KOULINTO,NDORNA,778996,5806,0.007,0,0,0.001,0,0,0.819,0.163,0.01
344,KOLDA,MEDINA YORO FOULAH,NDORNA,NDORNA,NDORNA,864655,9373,0.011,0,0,0.001,0,0,0.856,0.123,0.01
345,DIOURBEL,DIOURBEL,DIOURBEL,DIOURBEL,,37150,15495,0.417,0,0,0.382,0,0,0.002,0.063,0.135
346,DIOURBEL,DIOURBEL,NDOULO,NDOULO,NDOULO,123347,113385,0.919,0,0,0.01,0,0,0.001,0.017,0.053
347,DIOURBEL,DIOURBEL,NDOULO,NGOHE,NDOULO,147405,134290,0.911,0,0,0.013,0,0,0.001,0.018,0.057
348,DIOURBEL,DIOURBEL,NDOULO,PATTAR,NDOULO,130641,118449,0.907,0,0,0.011,0,0,0,0.007,0.075
349,DIOURBEL,DIOURBEL,NDOULO,TOCKY GARE,NDOULO,192845,177978,0.923,0,0,0.007,0,0,0,0.007,0.063
350,DIOURBEL,DIOURBEL,NDOULO,TOURE MBONDE,NDOULO,119684,112759,0.942,0,0,0.008,0,0,0,0.011,0.039
351,KAOLACK,KAOLACK,NGOTHIE,DYA,NGOTHIE,145504,99571,0.684,0.016,0.053,0.007,0.006,0,0.001,0.029,0.201
352,KAOLACK,KAOLACK,NGOTHIE,GANDIAYE,NGOTHIE,27512,21407,0.778,0,0,0.062,0,0,0.004,0.074,0.082
353,KAOLACK,KAOLACK,NGOTHIE,NDIEBEL,NGOTHIE,100610,93500,0.929,0,0,0.009,0,0,0.002,0.018,0.042
354,KAOLACK,KAOLACK,NGOTHIE,SIBASSOR,NGOTHIE,20407,13779,0.675,0.013,0.026,0.047,0.003,0,0.002,0.053,0.18
355,KAOLACK,KAOLACK,NGOTHIE,THIOMBY,NGOTHIE,207410,101355,0.489,0.018,0.031,0.006,0.066,0,0.005,0.082,0.3
356,DIOURBEL,BAMBEY,NGOYE,NDANGALMA,NGOYE,106521,93793,0.881,0,0,0.04,0,0,0,0.008,0.071
357,DIOURBEL,BAMBEY,NGOYE,NDONDOL,NGOYE,102179,94124,0.921,0,0,0.023,0,0,0,0.003,0.053
358,DIOURBEL,BAMBEY,NGOYE,NGOYE,NGOYE,182638,173663,0.951,0,0,0.021,0,0,0.001,0.009,0.018
359,DIOURBEL,BAMBEY,NGOYE,THIAKHAR,NGOYE,171626,162096,0.944,0,0,0.012,0,0,0.001,0.01,0.033
360,KAOLACK,GUINGUINEO,GUINGUINEO,GUINGUINEO,,6589,2594,0.394,0,0,0.392,0,0,0,0.136,0.078
361,KAOLACK,GUINGUINEO,NGUELOU,MBOSS,NGUELOU,21627,13879,0.642,0,0,0.031,0,0,0,0.006,0.321
362,KAOLACK,GUINGUINEO,NGUELOU,DARA MBOSS,NGUELOU,143169,89116,0.622,0,0,0.004,0,0,0,0.019,0.354
363,KAOLACK,GUINGUINEO,NGUELOU,GAGNICK,NGUELOU,90079,79974,0.888,0,0,0.007,0,0,0,0.01,0.095
364,KAOLACK,GUINGUINEO,NGUELOU,NGUELOU,NGUELOU,142199,125106,0.88,0,0,0.004,0,0,0,0.007,0.11
365,KAOLACK,GUINGUINEO,NGUELOU,OUROUR,NGUELOU,123122,102580,0.833,0,0,0.005,0,0,0.001,0.01,0.151
366,KAOLACK,GUINGUINEO,NGUELOU,PANAL OUOLOF,NGUELOU,121978,78634,0.645,0,0,0.005,0,0,0,0.008,0.342
367,ZIGUINCHOR,ZIGUINCHOR,NIAGUIS,ADEANE,NIAGUIS,224228,122,0.001,0.02,0,0.01,0.144,0,0.747,0.036,0.043
368,ZIGUINCHOR,ZIGUINCHOR,NIAGUIS,BOUTOUPA CAMARACOUNDA,NIAGUIS,333249,67,0,0.007,0,0.002,0.003,0,0.972,0.005,0.01
369,ZIGUINCHOR,ZIGUINCHOR,NIAGUIS,NIAGUIS,NIAGUIS,185897,99,0.001,0.171,0,0.012,0.093,0.001,0.575,0.042,0.105
370,FATICK,FATICK,NIAKHAR,NGAYOKHEME,NIAKHAR,130047,122825,0.944,0,0,0.014,0,0,0.002,0.007,0.033
371,FATICK,FATICK,NIAKHAR,NIAKHAR,NIAKHAR,209057,175594,0.84,0.001,0.004,0.014,0,0,0,0.02,0.119
372,FATICK,FATICK,NIAKHAR,PATAR,NIAKHAR,136962,129997,0.949,0,0,0.013,0,0,0.001,0.007,0.03
373,THIES,TIVAOUANE,NIAKHENE,MBAYENE,NIAKHENE,195082,131166,0.672,0,0,0.006,0,0,0,0,0.321
374,THIES,TIVAOUANE,NIAKHENE,NGANDIOUF,NIAKHENE,358014,90887,0.254,0,0,0.011,0,0,0,0.001,0.714
375,THIES,TIVAOUANE,NIAKHENE,NIAKHENE,NIAKHENE,133918,123495,0.922,0,0,0.01,0,0,0,0.001,0.066
376,THIES,TIVAOUANE,NIAKHENE,THILMAKHA,NIAKHENE,214109,204423,0.955,0,0,0.006,0,0,0,0.002,0.034
377,KOLDA,MEDINA YORO FOULAH,NIAMING,DINGUIRAYE,NIAMING,352046,17012,0.048,0,0,0.004,0,0,0.224,0.547,0.176
378,KOLDA,MEDINA YORO FOULAH,NIAMING,KEREWANE,NIAMING,1081798,63408,0.059,0.002,0,0.002,0,0,0.385,0.469,0.083
379,KOLDA,MEDINA YORO FOULAH,NIAMING,NIAMING,NIAMING,293781,16278,0.055,0,0,0.004,0,0,0.361,0.421,0.158
380,KOLDA,MEDINA YORO FOULAH,NIAMING,PATA,NIAMING,21078,2081,0.099,0,0,0.022,0,0,0.109,0.568,0.202
381,FATICK,FOUNDIOUGNE,NIODIOR,BASSOUL,NIODIOR,341486,1042,0.003,0.596,0.003,0.003,0.248,0,0.033,0.018,0.096
382,FATICK,FOUNDIOUGNE,NIODIOR,DIONEWAR,NIODIOR,203924,3126,0.015,0.474,0.002,0.007,0.33,0,0.041,0.033,0.098
383,FATICK,FOUNDIOUGNE,NIODIOR,DJIRNDA,NIODIOR,327982,921,0.003,0.419,0.03,0.003,0.271,0,0.007,0.029,0.237
384,THIES,THIES,NOTTO,NOTTO,NOTTO,277076,141356,0.51,0,0,0.02,0,0,0.015,0.236,0.218
385,THIES,THIES,NOTTO,TASSETE,NOTTO,265531,179941,0.678,0,0,0.009,0,0,0.042,0.13,0.141
386,ZIGUINCHOR,ZIGUINCHOR,NIASSIA,ENAMPORE,NIASSIA,223872,312,0.001,0.352,0.001,0.001,0.187,0,0.244,0.036,0.176
387,ZIGUINCHOR,ZIGUINCHOR,NIASSIA,NIASSIA,NIASSIA,291071,81,0,0.065,0.006,0.001,0.048,0.001,0.648,0.024,0.207
388,MATAM,MATAM,OGO,BOKIDIAWE,OGO,707951,281,0,0.031,0.004,0.008,0,0.001,0.005,0.041,0.884
389,MATAM,MATAM,OGO,NABADJI CIVOL,OGO,905498,389,0,0.02,0.003,0.01,0,0,0.007,0.067,0.871
390,MATAM,MATAM,OGO,OGO,OGO,1471273,1612,0.001,0.029,0.004,0.004,0,0,0.01,0.086,0.843
391,MATAM,KANEL,ORKADIERE,DEMBANCANE,ORKADIERE,30659,65,0.002,0.057,0.003,0.027,0.001,0.006,0.008,0.145,0.742
392,MATAM,KANEL,ORKADIERE,AOURE,ORKADIERE,2018146,8576,0.004,0.005,0.001,0.002,0,0,0.001,0.723,0.26
393,MATAM,KANEL,ORKADIERE,BOKILADJI,ORKADIERE,680968,1997,0.003,0.008,0.001,0.004,0,0.001,0.002,0.285,0.695
394,MATAM,KANEL,ORKADIERE,ORKADIERE,ORKADIERE,335134,4816,0.014,0.033,0.004,0.014,0,0.001,0.001,0.081,0.847
395,MATAM,KANEL,ORKADIERE,SEMME,ORKADIERE,37345,839,0.022,0,0,0.024,0,0,0,0.062,0.89
396,FATICK,GOSSAS,GOSSAS,GOSSAS,,5236,2046,0.391,0,0,0.476,0,0,0,0.056,0.077
397,FATICK,GOSSAS,OUADIOUR,NDIENE LAGANE,OUADIOUR,180215,148434,0.824,0,0,0.005,0,0,0,0.011,0.16
398,FATICK,GOSSAS,OUADIOUR,OUADIOUR,OUADIOUR,188977,169835,0.899,0,0,0.005,0,0,0,0.009,0.087
399,FATICK,GOSSAS,OUADIOUR,PATAR LIA,OUADIOUR,188467,172333,0.914,0,0,0.007,0,0,0.001,0.009,0.068
400,MATAM,KANEL,WOURO SIDY,ODOBERE,WOURO SIDY,8534,1,0,0.108,0.013,0.102,0.002,0,0,0.016,0.753
401,MATAM,KANEL,WOURO SIDY,SINTHIOU BAMAMBE BANADJI,WOURO SIDY,16853,721,0.043,0,0.007,0.116,0,0,0,0.014,0.814
402,ZIGUINCHOR,OUSSOUYE,OUSSOUYE,OUSSOUYE,,4050,69,0.017,0,0,0.236,0,0,0.626,0.077,0.043
403,KOLDA,VELINGARA,PAKOUR,OUASSADOU,PAKOUR,486828,1949,0.004,0.001,0,0.004,0,0,0.83,0.154,0.007
404,KOLDA,VELINGARA,PAKOUR,PAKOUR,PAKOUR,389417,1892,0.005,0.005,0,0.003,0.01,0,0.796,0.167,0.014
405,KOLDA,VELINGARA,PAKOUR,PAROUMBA,PAKOUR,542920,2753,0.005,0.003,0,0.002,0.001,0,0.829,0.139,0.019
406,THIES,TIVAOUANE,PAMBAL,CHERIF LO,PAMBAL,120771,66882,0.554,0,0.002,0.026,0,0,0.001,0.164,0.252
407,THIES,TIVAOUANE,PAMBAL,MONT ROLLAND,PAMBAL,202005,27242,0.135,0.001,0.001,0.013,0,0,0.047,0.541,0.26
408,THIES,TIVAOUANE,PAMBAL,NOTTO GOUYE DIAMA,PAMBAL,152604,56364,0.369,0.002,0.009,0.028,0,0,0.02,0.25,0.303
409,THIES,TIVAOUANE,PAMBAL,PAMBAL,PAMBAL,52619,7728,0.147,0,0.01,0.029,0,0,0.009,0.447,0.351
410,THIES,TIVAOUANE,PAMBAL,PIRE GOUREYE,PAMBAL,181197,107011,0.591,0,0,0.016,0,0,0.001,0.018,0.372
411,KAOLACK,NIORO,PAOSKOTO,DABALY,PAOSKOTO,131624,71408,0.543,0.085,0.006,0.008,0.015,0,0.051,0.202,0.091
412,KAOLACK,NIORO,PAOSKOTO,DAROU SALAM,PAOSKOTO,232618,181404,0.78,0,0,0.011,0,0,0.01,0.098,0.101
413,KAOLACK,NIORO,PAOSKOTO,GAINTHE KAYE,PAOSKOTO,187728,175005,0.932,0,0,0.014,0,0,0.019,0.014,0.02
414,KAOLACK,NIORO,PAOSKOTO,PAOS KOTO,PAOSKOTO,130044,108794,0.837,0,0,0.015,0,0,0.01,0.056,0.083
415,KAOLACK,NIORO,PAOSKOTO,POROKHANE,PAOSKOTO,298772,220860,0.739,0.018,0.002,0.012,0.009,0,0.078,0.092,0.05
416,KAOLACK,NIORO,PAOSKOTO,TAIBA NIASSENE,PAOSKOTO,139911,131381,0.939,0,0,0.02,0,0,0.002,0.012,0.027
417,DAKAR,DAKAR,VILLE DE DAKAR,CAMBERENE,PARCELLES ASSAINIES,2033,0,0,0,0.096,0.879,0.002,0,0,0,0.021
418,DAKAR,DAKAR,VILLE DE DAKAR,GRAND YOFF,PARCELLES ASSAINIES,7229,0,0,0,0.002,0.96,0,0,0.001,0.002,0.034
419,DAKAR,DAKAR,VILLE DE DAKAR,PARCELLES ASSAINIES,PARCELLES ASSAINIES,4171,0,0,0,0.02,0.97,0,0,0,0,0.008
420,DAKAR,DAKAR,VILLE DE DAKAR,PATTE D'OIE,PARCELLES ASSAINIES,3692,0,0,0.006,0.002,0.733,0.008,0.001,0.063,0.027,0.158
421,DAKAR,PIKINE,VILLE DE PIKINE,DALIFORT,PIKINE DAGOUDANE,3513,1,0,0.001,0.007,0.939,0,0,0,0.005,0.048
422,DAKAR,PIKINE,VILLE DE PIKINE,DJIDAH THIAROYE KAO,PIKINE DAGOUDANE,2672,0,0,0,0.001,0.967,0,0,0.002,0.003,0.026
423,DAKAR,PIKINE,VILLE DE PIKINE,GUINAW RAIL NORD,PIKINE DAGOUDANE,744,0,0,0,0.003,0.989,0,0,0,0,0.008
424,DAKAR,PIKINE,VILLE DE PIKINE,GUINAW RAIL SUD,PIKINE DAGOUDANE,1489,0,0,0,0.005,0.947,0.001,0,0,0,0.045
425,DAKAR,PIKINE,VILLE DE PIKINE,PIKINE EST,PIKINE DAGOUDANE,891,0,0,0,0,0.996,0,0,0,0,0.004
426,DAKAR,PIKINE,VILLE DE PIKINE,PIKINE NORD,PIKINE DAGOUDANE,1395,0,0,0,0.004,0.945,0,0.006,0.001,0.003,0.04
427,DAKAR,PIKINE,VILLE DE PIKINE,PIKINE OUEST,PIKINE DAGOUDANE,2302,0,0,0,0.001,0.948,0,0,0.011,0.003,0.037
428,SAINT LOUIS,SAINT LOUIS,RAO,MPAL,RAO,12668,2101,0.166,0,0,0.123,0,0,0.002,0.023,0.687
429,SAINT LOUIS,SAINT LOUIS,RAO,FASS NGOM,RAO,341815,53718,0.157,0.004,0,0.007,0,0.001,0.002,0.013,0.816
430,SAINT LOUIS,SAINT LOUIS,RAO,GANDON,RAO,500079,44726,0.089,0.105,0.023,0.021,0.028,0.006,0.009,0.063,0.648
431,SAINT LOUIS,SAINT LOUIS,RAO,NDIEBENE GANDIOLE,RAO,180142,12414,0.069,0.106,0.036,0.034,0.141,0.018,0.01,0.164,0.417
432,SAINT LOUIS,DAGANA,RICHARD TOLL,RICHARD TOLL,,28304,61,0.002,0.129,0,0.218,0.088,0.065,0.131,0.11,0.254
433,DAKAR,RUFISQUE,VILLE DE RUFISQUE,RUFISQUE EST,RUFISQUE EST,8864,106,0.012,0.001,0.012,0.608,0.001,0,0.032,0.201,0.132
434,DAKAR,RUFISQUE,VILLE DE RUFISQUE,RUFISQUE NORD,RUFISQUE EST,8173,33,0.004,0,0.003,0.882,0,0,0,0.027,0.083
435,DAKAR,RUFISQUE,VILLE DE RUFISQUE,RUFISQUE OUEST,RUFISQUE EST,9163,4,0,0.002,0.006,0.875,0,0,0.003,0.023,0.09
436,KEDOUGOU,SARAYA,SABODALA,KHOSSANTO,SABODALA,884674,50,0,0.001,0,0.001,0.001,0,0.418,0.575,0.003
437,KEDOUGOU,SARAYA,SABODALA,MISSIRAH SIRIMANA,SABODALA,1941783,55,0,0.001,0,0.001,0.002,0,0.362,0.629,0.004
438,KEDOUGOU,SARAYA,SABODALA,SABODALA,SABODALA,1947245,98,0,0.001,0.002,0.001,0.001,0,0.472,0.52,0.003
439,LOUGA,LINGUERE,DAHRA,DAHRA,,29460,10424,0.354,0,0,0.196,0,0,0,0.014,0.436
440,LOUGA,LINGUERE,SAGATTA DJOLOF,AFFE DJOLOF,SAGATTA DJOLOF,342481,231556,0.676,0,0,0.002,0,0,0,0.005,0.317
441,LOUGA,LINGUERE,SAGATTA DJOLOF,BOULAL,SAGATTA DJOLOF,859177,708275,0.824,0,0,0,0,0,0,0.004,0.171
442,LOUGA,LINGUERE,SAGATTA DJOLOF,DEALY,SAGATTA DJOLOF,1323129,1049245,0.793,0,0,0.001,0,0,0,0.005,0.2
443,LOUGA,LINGUERE,SAGATTA DJOLOF,SAGATTA DJOLOF,SAGATTA DJOLOF,416813,363772,0.873,0,0,0.003,0,0,0,0.005,0.12
444,LOUGA,LINGUERE,SAGATTA DJOLOF,THIAMENE PASSE,SAGATTA DJOLOF,615533,392217,0.637,0,0,0.003,0,0,0,0.01,0.35
445,LOUGA,KEBEMER,SAGATTA,KANENE NDIOB,SAGATTA,152395,63759,0.418,0,0,0.008,0,0,0,0.001,0.571
446,LOUGA,KEBEMER,SAGATTA,LORO,SAGATTA,161632,122300,0.757,0,0,0.007,0,0,0,0.001,0.234
447,LOUGA,KEBEMER,SAGATTA,NGOURANE OUOLOF,SAGATTA,141520,46735,0.33,0,0,0.011,0,0,0,0.001,0.655
448,LOUGA,KEBEMER,SAGATTA,SAGATTA GUETH,SAGATTA,214879,133583,0.622,0,0,0.009,0,0,0,0.001,0.367
449,LOUGA,KEBEMER,SAGATTA,THIOLOM FALL,SAGATTA,260257,45668,0.175,0,0,0.013,0,0,0,0.001,0.801
450,KAFFRINE,MALEM HODDAR,SAGNA,DIANKE SOUF,SAGNA,514228,140318,0.273,0,0,0.003,0,0,0,0.438,0.286
451,KAFFRINE,MALEM HODDAR,SAGNA,SAGNA,SAGNA,661815,207470,0.313,0,0,0.005,0,0,0,0.43,0.251
452,SAINT LOUIS,SAINT LOUIS,SAINT LOUIS,SAINT LOUIS,,25574,68,0.003,0.063,0.1,0.556,0.011,0.009,0.01,0.034,0.207
453,LOUGA,LOUGA,SAKAL,LEONA,SAKAL,497467,48498,0.097,0.001,0.011,0.013,0.002,0.003,0.003,0.038,0.811
454,LOUGA,LOUGA,SAKAL,NGUEUNE SARR,SAKAL,299512,7765,0.026,0,0,0.01,0,0,0,0.002,0.94
455,LOUGA,LOUGA,SAKAL,SAKAL,SAKAL,568974,60330,0.106,0,0,0.007,0,0,0,0.002,0.881
456,SAINT LOUIS,PODOR,SALDE,GALOYA TOUCOULEUR,SALDE,4400,0,0,0,0,0.141,0,0,0,0,0.856
457,SAINT LOUIS,PODOR,SALDE,BOKE DIALLOUBE,SALDE,2838778,1404,0,0.005,0.002,0.001,0,0,0.011,0.042,0.916
458,SAINT LOUIS,PODOR,SALDE,MBOLO BIRANE,SALDE,1354546,253,0,0.023,0.002,0.001,0,0,0.005,0.023,0.919
459,SAINT LOUIS,PODOR,SALDE,PETE,SALDE,4433,0,0,0,0.001,0.118,0,0,0,0.003,0.869
460,DAKAR,GUEDIAWAYE,VILLE DE GUEDIAWAYE,GOLF SUD,SAM NOTAIRE,9864,3,0,0.03,0.024,0.52,0.089,0.001,0.068,0.031,0.234
461,DAKAR,GUEDIAWAYE,VILLE DE GUEDIAWAYE,SAM NOTAIRE,SAM NOTAIRE,3188,0,0,0.003,0.046,0.883,0.003,0,0.002,0.002,0.05
462,DAKAR,RUFISQUE,SANGALKAM,BAMBILOR,SANGALKAM,88776,32291,0.364,0,0.002,0.07,0,0,0.068,0.205,0.288
463,DAKAR,RUFISQUE,SANGALKAM,SANGALKAM,SANGALKAM,61855,13399,0.217,0,0.002,0.226,0,0,0.079,0.229,0.243
464,DAKAR,RUFISQUE,SANGALKAM,TIVAOUANE PEULH NIAGHA,SANGALKAM,65899,5637,0.086,0.042,0.09,0.18,0.017,0,0.023,0.161,0.376
465,KOLDA,KOLDA,SARE BIDJI,THIETTY,SARE BIDJI,228300,3406,0.015,0,0,0.001,0,0,0.875,0.105,0.005
466,KOLDA,KOLDA,SARE BIDJI,SARE BIDJI,SARE BIDJI,377120,8676,0.023,0.001,0,0.004,0,0,0.817,0.134,0.02
467,KOLDA,VELINGARA,SARE COLY SALLE,KOUNKANE,SARE COLY SALLE,51332,2257,0.044,0.005,0,0.04,0.008,0,0.437,0.398,0.068
468,KOLDA,VELINGARA,SARE COLY SALLE,DIAOBE KABENDOU,SARE COLY SALLE,60149,3986,0.066,0.007,0,0.08,0.003,0,0.24,0.465,0.139
469,KOLDA,VELINGARA,SARE COLY SALLE,KANDIA,SARE COLY SALLE,472414,38292,0.081,0.007,0,0.005,0.001,0,0.305,0.479,0.122
470,KOLDA,VELINGARA,SARE COLY SALLE,KANDIAYE,SARE COLY SALLE,341295,5924,0.017,0.015,0,0.003,0.019,0,0.561,0.348,0.037
471,KOLDA,VELINGARA,SARE COLY SALLE,NEMATABA,SARE COLY SALLE,210131,10739,0.051,0,0,0.004,0,0,0.129,0.663,0.151
472,KOLDA,VELINGARA,SARE COLY SALLE,SARE COLY SALLE,SARE COLY SALLE,387310,31780,0.082,0.012,0,0.005,0.009,0,0.397,0.394,0.1
473,SEDHIOU,SEDHIOU,SEDHIOU,SEDHIOU,,18964,99,0.005,0.004,0,0.246,0.16,0.001,0.464,0.102,0.018
474,THIES,MBOUR,SESSENE,NGUENIENE,SESSENE,418221,268724,0.643,0.04,0.016,0.008,0.009,0,0.054,0.11,0.119
475,THIES,MBOUR,SESSENE,SANDIARA,SESSENE,194122,161948,0.834,0,0,0.014,0,0,0.021,0.078,0.053
476,THIES,MBOUR,SESSENE,SESSENE,SESSENE,171323,160756,0.938,0,0,0.011,0,0,0.003,0.018,0.03
477,THIES,MBOUR,SESSENE,THIADIAYE,SESSENE,14642,11382,0.777,0,0,0.141,0,0,0.008,0.04,0.032
478,SEDHIOU,GOUDOMP,SIMBANDI BRASSOU,BAGHERE,SIMBANDI BRASSOU,137060,682,0.005,0.001,0,0.008,0,0,0.961,0.016,0.009
479,SEDHIOU,GOUDOMP,SIMBANDI BRASSOU,DIOUBOUDOU,SIMBANDI BRASSOU,77357,462,0.006,0.008,0,0.006,0.136,0,0.756,0.024,0.064
480,SEDHIOU,GOUDOMP,SIMBANDI BRASSOU,NIAGHA,SIMBANDI BRASSOU,261855,1852,0.007,0,0,0.004,0,0,0.979,0.01,0
481,SEDHIOU,GOUDOMP,SIMBANDI BRASSOU,SIMBANDI BRASSOU,SIMBANDI BRASSOU,142631,732,0.005,0.002,0,0.011,0.071,0,0.868,0.017,0.027
482,SEDHIOU,GOUDOMP,SIMBANDI BRASSOU,TANAFF,SIMBANDI BRASSOU,14355,86,0.006,0.002,0,0.064,0,0,0.85,0.024,0.054
483,THIES,MBOUR,SINDIA,POPENGUINE,SINDIA,19430,603,0.031,0.003,0.005,0.099,0.001,0,0.173,0.552,0.134
484,THIES,MBOUR,SINDIA,SINDIA,SINDIA,272484,98436,0.361,0.005,0.001,0.026,0,0,0.149,0.336,0.121
485,THIES,MBOUR,SINDIA,NGAPAROU,SINDIA,7955,325,0.041,0.001,0.005,0.477,0.002,0,0.02,0.339,0.115
486,THIES,MBOUR,SINDIA,SALY PORTUDAL,SINDIA,18452,1442,0.078,0.001,0.005,0.59,0,0.001,0.015,0.225,0.085
487,THIES,MBOUR,SINDIA,DIASS,SINDIA,215747,29098,0.135,0,0.008,0.032,0,0,0.111,0.51,0.197
488,THIES,MBOUR,SINDIA,MALICOUNDA,SINDIA,209618,112718,0.538,0.001,0.001,0.059,0.001,0,0.091,0.196,0.113
489,THIES,MBOUR,SINDIA,NGUEKHOKH,SINDIA,28596,11908,0.416,0,0,0.176,0,0.001,0.051,0.247,0.109
490,THIES,MBOUR,SINDIA,SOMONE,SINDIA,8943,146,0.016,0.144,0.007,0.304,0.01,0,0.048,0.26,0.209
491,ZIGUINCHOR,BIGNONA,SINDIAN,DJIBIDIONE,SINDIAN,474497,2363,0.005,0.001,0,0.002,0,0,0.963,0.012,0.01
492,ZIGUINCHOR,BIGNONA,SINDIAN,OULAMPANE,SINDIAN,688880,6635,0.01,0.001,0,0.002,0.007,0,0.946,0.019,0.016
493,ZIGUINCHOR,BIGNONA,SINDIAN,SINDIAN,SINDIAN,265416,1270,0.005,0,0,0.004,0,0,0.976,0.014,0.001
494,ZIGUINCHOR,BIGNONA,SINDIAN,SUELLE,SINDIAN,232930,1260,0.005,0.004,0,0.005,0.009,0,0.849,0.024,0.104
495,FATICK,FOUNDIOUGNE,SOKONE,SOKONE,,9415,3117,0.331,0.006,0,0.337,0,0.001,0.082,0.131,0.112
496,DIOURBEL,MBACKE,TAIF,SADIO,TAIF,336775,188969,0.561,0,0,0.005,0,0,0,0.001,0.433
497,DIOURBEL,MBACKE,TAIF,TAIF,TAIF,276255,177186,0.641,0,0,0.003,0,0,0,0.002,0.353
498,FATICK,FATICK,TATTAGUINE,DIARRERE,TATTAGUINE,183038,169051,0.924,0,0,0.012,0,0,0.001,0.01,0.053
499,FATICK,FATICK,TATTAGUINE,DIOUROUP,TATTAGUINE,279008,154853,0.555,0.006,0.047,0.009,0.002,0,0,0.031,0.346
500,FATICK,FATICK,TATTAGUINE,TATTAGUINE,TATTAGUINE,180734,158511,0.877,0,0,0.016,0,0,0.002,0.034,0.07
501,ZIGUINCHOR,BIGNONA,TENDOUCK,KARTIACK,TENDOUCK,105963,285,0.003,0.134,0.003,0.011,0.099,0.002,0.404,0.051,0.293
502,ZIGUINCHOR,BIGNONA,TENDOUCK,BALINGHORE,TENDOUCK,114086,659,0.006,0.016,0.002,0.006,0.001,0.001,0.769,0.047,0.152
503,ZIGUINCHOR,BIGNONA,TENDOUCK,DIEGOUNE,TENDOUCK,143358,378,0.003,0.002,0,0.006,0.009,0.001,0.845,0.041,0.094
504,ZIGUINCHOR,BIGNONA,TENDOUCK,MANGAGOULACK,TENDOUCK,458450,287,0.001,0.479,0.001,0.002,0.254,0,0.175,0.019,0.07
505,ZIGUINCHOR,BIGNONA,TENDOUCK,MLOMP,TENDOUCK,110283,257,0.002,0.173,0.003,0.004,0.054,0.003,0.572,0.058,0.13
506,ZIGUINCHOR,BIGNONA,THIONCK ESSYL,THIONCK ESSYL,,115047,124,0.001,0.455,0.009,0.013,0.116,0.001,0.147,0.056,0.202
507,ZIGUINCHOR,BIGNONA,TENGHORI,COUBALAN,TENGHORI,358698,1199,0.003,0.09,0,0.004,0.29,0.001,0.452,0.03,0.128
508,ZIGUINCHOR,BIGNONA,TENGHORI,NIAMONE,TENGHORI,305125,363,0.001,0.19,0.003,0.002,0.124,0,0.497,0.02,0.162
509,ZIGUINCHOR,BIGNONA,TENGHORI,OUONCK,TENGHORI,277533,5836,0.021,0.006,0,0.003,0.052,0.001,0.714,0.044,0.158
510,ZIGUINCHOR,BIGNONA,TENGHORI,TENGHORI,TENGHORI,293918,1106,0.004,0.002,0,0.016,0.001,0,0.89,0.03,0.057
511,DAKAR,PIKINE,VILLE DE PIKINE,DIAMAGUENE SICAP MBAO,THIAROYE,6025,17,0.003,0.001,0.003,0.83,0,0,0.036,0.025,0.1
512,DAKAR,PIKINE,VILLE DE PIKINE,MBAO,THIAROYE,23005,119,0.005,0.002,0.015,0.565,0.002,0.001,0.047,0.22,0.143
513,DAKAR,PIKINE,VILLE DE PIKINE,THIAROYE GARE,THIAROYE,1854,1,0.001,0,0.006,0.839,0,0,0.001,0.01,0.142
514,DAKAR,PIKINE,VILLE DE PIKINE,THIAROYE SUR MER,THIAROYE,4128,1,0,0.001,0.013,0.933,0.002,0,0.001,0.003,0.045
515,DAKAR,PIKINE,VILLE DE PIKINE,TIVAOUANE DIACKSAO,THIAROYE,1282,0,0,0,0.004,0.946,0,0,0,0,0.049
516,THIES,THIES,THIENABA,NDIEYENE SIRAKH,THIENABA,109389,89339,0.817,0,0,0.03,0,0,0,0.012,0.141
517,THIES,THIES,THIENABA,NGOUDIANE,THIENABA,96122,45516,0.474,0,0.003,0.071,0,0,0,0.057,0.395
518,THIES,THIES,THIENABA,THIENABA,THIENABA,170980,131139,0.767,0,0,0.02,0,0,0.004,0.07,0.139
519,THIES,THIES,THIENABA,TOUBA TOUL,THIENABA,218607,177709,0.813,0,0,0.032,0,0,0,0.009,0.146
520,THIES,THIES,VILLE DE THIES,THIES NORD,THIES NORD,67138,3730,0.056,0,0,0.188,0,0.001,0.043,0.497,0.216
521,THIES,THIES,VILLE DE THIES,THIES OUEST,THIES SUD,14714,8,0.001,0,0.001,0.752,0,0,0.004,0.093,0.148
522,THIES,THIES,VILLE DE THIES,THIES EST,THIES SUD,16890,594,0.035,0,0,0.731,0,0,0.009,0.103,0.121
523,SAINT LOUIS,PODOR,THILE BOUBACAR,NIANDANE,THILE BOUBACAR,31597,465,0.015,0.027,0,0.012,0,0.013,0.012,0.312,0.602
524,SAINT LOUIS,PODOR,THILE BOUBACAR,FANAYE,THILE BOUBACAR,1852569,2941,0.002,0.005,0.001,0.002,0,0.005,0.001,0.018,0.956
525,SAINT LOUIS,PODOR,THILE BOUBACAR,NDIAYENE PEINDAO,THILE BOUBACAR,1862579,1141,0.001,0.006,0.003,0.001,0,0.004,0.002,0.018,0.952
526,FATICK,FOUNDIOUGNE,TOUBACOUTA,KARANG POSTE,TOUBACOUTA,12335,5105,0.414,0,0,0.232,0,0,0.236,0.089,0.015
527,FATICK,FOUNDIOUGNE,TOUBACOUTA,KEUR SALOUM DIANE,TOUBACOUTA,333793,186508,0.559,0.04,0,0.008,0,0,0.253,0.116,0.024
528,FATICK,FOUNDIOUGNE,TOUBACOUTA,KEUR SAMBA GUEYE,TOUBACOUTA,275159,165805,0.603,0.001,0,0.009,0,0,0.299,0.073,0.015
529,FATICK,FOUNDIOUGNE,TOUBACOUTA,NIORO ALASSANE TALL,TOUBACOUTA,220569,171803,0.779,0.001,0,0.015,0,0,0.11,0.062,0.033
530,FATICK,FOUNDIOUGNE,TOUBACOUTA,TOUBACOUTA,TOUBACOUTA,816131,81443,0.1,0.365,0.001,0.005,0.106,0,0.322,0.041,0.06
531,MATAM,RANEROU FERLO,RANEROU,RANEROU,,13258,10,0.001,0,0.003,0.029,0,0,0,0.007,0.948
532,MATAM,RANEROU FERLO,VELINGARA,LOUGRE THIOLY,VELINGARA,1280539,909,0.001,0,0,0,0,0,0.014,0.056,0.924
533,MATAM,RANEROU FERLO,VELINGARA,OUDALAYE,VELINGARA,11297318,38818,0.003,0,0,0,0,0,0.007,0.49,0.496
534,MATAM,RANEROU FERLO,VELINGARA,VELINGARA,VELINGARA,3951438,101512,0.026,0,0,0,0,0,0.002,0.526,0.446
535,KAOLACK,NIORO,WACK NGOUNA,KEUR MADIABEL,WACK NGOUNA,6720,4455,0.663,0,0,0.216,0,0,0.019,0.058,0.044
536,KAOLACK,NIORO,WACK NGOUNA,KEUR MABA DIAKHOU,WACK NGOUNA,286279,237424,0.829,0.018,0,0.009,0,0,0.082,0.044,0.016
537,KAOLACK,NIORO,WACK NGOUNA,KEUR MANDONGO,WACK NGOUNA,68862,61974,0.9,0,0,0.013,0,0,0.047,0.025,0.014
538,KAOLACK,NIORO,WACK NGOUNA,NDRAME ESCALE,WACK NGOUNA,166679,150187,0.901,0,0,0.013,0,0,0.015,0.046,0.025
539,KAOLACK,NIORO,WACK NGOUNA,WACK NGOUNA,WACK NGOUNA,310206,238957,0.77,0.067,0,0.012,0.002,0,0.09,0.043,0.016
540,DAKAR,GUEDIAWAYE,VILLE DE GUEDIAWAYE,MEDINA GOUNASS,WAKHINANE NIMZATT,849,0,0,0.001,0,0.969,0,0,0,0.001,0.028
541,DAKAR,GUEDIAWAYE,VILLE DE GUEDIAWAYE,NDIAREME LIMAMOULAYE,WAKHINANE NIMZATT,1505,0,0,0,0.082,0.837,0,0,0.001,0.004,0.064
542,DAKAR,GUEDIAWAYE,VILLE DE GUEDIAWAYE,WAKHINANE NIMZATT,WAKHINANE NIMZATT,4847,1,0,0.004,0.063,0.712,0.001,0,0.017,0.008,0.175
543,MATAM,KANEL,WOURO SIDY,HAMADY HOUNARE,WOURO SIDY,10592,61,0.006,0.002,0.003,0.121,0,0,0.001,0.033,0.832
544,MATAM,KANEL,WOURO SIDY,NDENDORY,WOURO SIDY,2794927,7916,0.003,0.005,0.002,0.002,0,0,0.005,0.654,0.323
545,MATAM,KANEL,WOURO SIDY,WOURO SIDY,WOURO SIDY,4458075,9989,0.002,0.002,0,0.001,0,0,0.003,0.706,0.283
546,LOUGA,LINGUERE,YANG YANG,MBEULEUKHE,YANG YANG,4200,1020,0.243,0,0,0.083,0,0,0,0.018,0.656
547,LOUGA,LINGUERE,YANG YANG,KAMB,YANG YANG,806204,380036,0.471,0,0,0.001,0,0,0,0.006,0.522
548,LOUGA,LINGUERE,YANG YANG,MBOULA,YANG YANG,894387,198378,0.222,0,0,0.001,0,0,0,0.012,0.765
549,LOUGA,LINGUERE,YANG YANG,TESSEKERE FORAGE,YANG YANG,1908437,33821,0.018,0,0,0,0,0,0,0.008,0.974
550,LOUGA,LINGUERE,YANG YANG,YANG YANG,YANG YANG,508365,72820,0.143,0,0,0.001,0,0,0,0.003,0.853
551,DAKAR,KEUR MASSAR,YEUMBEUL,YEUMBEUL NORD,YEUMBEUL,8929,6,0.001,0.005,0.011,0.746,0,0.001,0.038,0.033,0.16
552,DAKAR,KEUR MASSAR,YEUMBEUL,YEUMBEUL SUD,YEUMBEUL,2507,0,0,0,0.002,0.958,0,0,0,0.002,0.037
553,ZIGUINCHOR,ZIGUINCHOR,ZIGUINCHOR,ZIGUINCHOR,,32726,99,0.003,0.005,0,0.669,0.017,0.001,0.182,0.081,0.04
