system:time_start,LST_Day_1km
18-Feb-00,
26-Feb-00,
5-Mar-00,
13-Mar-00,32.174
21-Mar-00,32
29-Mar-00,33.55
6-Apr-00,32.449
14-Apr-00,32.116
22-Apr-00,29.793
30-Apr-00,29.762
8-May-00,30.869
16-May-00,30.057
24-May-00,28.582
1-Jun-00,26.752
9-Jun-00,25.084
17-Jun-00,30.208
25-Jun-00,28.303
3-Jul-00,30.406
11-Jul-00,31.143
19-Jul-00,31.47
27-Jul-00,29.61
4-Aug-00,31.621
12-Aug-00,33.761
20-Aug-00,35.634
28-Aug-00,37.032
5-Sep-00,36.318
13-Sep-00,37.581
21-Sep-00,40.615
29-Sep-00,39.429
7-Oct-00,40.624
15-Oct-00,40.785
23-Oct-00,37.64
31-Oct-00,36.298
8-Nov-00,36.918
16-Nov-00,35.75
24-Nov-00,39.298
2-Dec-00,
10-Dec-00,36.53
18-Dec-00,38.628
26-Dec-00,36.15
1-Jan-01,38.513
9-Jan-01,33.903
17-Jan-01,34.157
25-Jan-01,
2-Feb-01,31.211
10-Feb-01,
18-Feb-01,29.059
26-Feb-01,33.056
6-Mar-01,34.299
14-Mar-01,30.353
22-Mar-01,32.005
30-Mar-01,33.164
7-Apr-01,32.843
15-Apr-01,32.638
23-Apr-01,34.477
1-May-01,34.897
9-May-01,33.709
17-May-01,30.596
25-May-01,29.776
2-Jun-01,32.076
10-Jun-01,31.772
26-Jun-01,
4-Jul-01,30.945
12-Jul-01,30.664
20-Jul-01,30.589
28-Jul-01,30.778
5-Aug-01,34.46
13-Aug-01,34.255
21-Aug-01,33.409
29-Aug-01,34.724
6-Sep-01,38.465
14-Sep-01,40.994
22-Sep-01,42.521
30-Sep-01,40.782
8-Oct-01,40.512
16-Oct-01,39.853
24-Oct-01,42.083
1-Nov-01,43.943
9-Nov-01,38.993
17-Nov-01,40.577
25-Nov-01,37.506
3-Dec-01,39.922
11-Dec-01,34.592
19-Dec-01,40.479
27-Dec-01,37.918
1-Jan-02,34.081
9-Jan-02,37.5
17-Jan-02,36.198
25-Jan-02,38.35
2-Feb-02,39.593
10-Feb-02,
18-Feb-02,30.109
26-Feb-02,30.46
6-Mar-02,32.7
14-Mar-02,35.685
22-Mar-02,29.39
30-Mar-02,35.522
7-Apr-02,35.029
15-Apr-02,35.234
23-Apr-02,35.597
1-May-02,35.035
9-May-02,34.114
17-May-02,34.26
25-May-02,29.695
2-Jun-02,29.934
10-Jun-02,31.899
18-Jun-02,28.314
26-Jun-02,29.029
4-Jul-02,29.476
12-Jul-02,30.107
20-Jul-02,32.473
28-Jul-02,31.352
5-Aug-02,33.816
13-Aug-02,31.37
21-Aug-02,34.908
29-Aug-02,36.876
6-Sep-02,39.11
14-Sep-02,38.389
22-Sep-02,40.958
30-Sep-02,40.174
8-Oct-02,43.7
16-Oct-02,45.233
24-Oct-02,42.652
1-Nov-02,42.686
9-Nov-02,46.018
17-Nov-02,45.255
25-Nov-02,39.393
3-Dec-02,41.846
11-Dec-02,41.297
19-Dec-02,39.377
27-Dec-02,41.491
1-Jan-03,38.113
9-Jan-03,
17-Jan-03,30.126
25-Jan-03,32.563
2-Feb-03,36.003
10-Feb-03,37.997
18-Feb-03,
26-Feb-03,
6-Mar-03,32.793
14-Mar-03,32.232
22-Mar-03,34.093
30-Mar-03,35.054
7-Apr-03,34.223
15-Apr-03,33.189
23-Apr-03,34.724
1-May-03,32.488
9-May-03,32.807
17-May-03,33.498
25-May-03,31.252
2-Jun-03,31.338
10-Jun-03,29.858
18-Jun-03,28.323
26-Jun-03,30.513
4-Jul-03,29.895
12-Jul-03,31.236
20-Jul-03,29.318
28-Jul-03,30.959
5-Aug-03,33.408
13-Aug-03,34.015
21-Aug-03,33.993
29-Aug-03,34.882
6-Sep-03,37.702
14-Sep-03,40.211
22-Sep-03,40.018
30-Sep-03,41.895
8-Oct-03,40.162
16-Oct-03,43.492
24-Oct-03,44.324
1-Nov-03,43.421
9-Nov-03,39.103
17-Nov-03,43.148
25-Nov-03,43.745
3-Dec-03,39.529
11-Dec-03,37.458
19-Dec-03,
27-Dec-03,
1-Jan-04,32.595
9-Jan-04,29.837
17-Jan-04,35.909
25-Jan-04,22.535
2-Feb-04,
10-Feb-04,
18-Feb-04,28.888
26-Feb-04,31.395
5-Mar-04,32.5
13-Mar-04,32.246
21-Mar-04,32.985
29-Mar-04,32.47
6-Apr-04,33.629
14-Apr-04,33.065
22-Apr-04,33.165
30-Apr-04,31.405
8-May-04,30.273
16-May-04,31.037
24-May-04,29.129
1-Jun-04,29.484
9-Jun-04,29.932
17-Jun-04,25.437
25-Jun-04,26.905
3-Jul-04,30.025
11-Jul-04,28.538
19-Jul-04,26.595
27-Jul-04,31.213
4-Aug-04,31.103
12-Aug-04,32.598
20-Aug-04,32.943
28-Aug-04,34.375
5-Sep-04,35.578
13-Sep-04,36.854
21-Sep-04,39.362
29-Sep-04,41.306
7-Oct-04,40.794
15-Oct-04,43.099
23-Oct-04,41.796
31-Oct-04,41.977
8-Nov-04,40.476
16-Nov-04,39.872
24-Nov-04,40.84
2-Dec-04,41.48
10-Dec-04,42.462
18-Dec-04,42.31
26-Dec-04,
1-Jan-05,33.488
9-Jan-05,33.341
17-Jan-05,37.349
25-Jan-05,31.139
2-Feb-05,34.824
10-Feb-05,35.047
18-Feb-05,37.41
26-Feb-05,34.202
6-Mar-05,36.289
14-Mar-05,27.372
22-Mar-05,34.32
30-Mar-05,34.388
7-Apr-05,34.415
15-Apr-05,35.012
23-Apr-05,33.715
1-May-05,33.824
9-May-05,33.263
17-May-05,32.172
25-May-05,30.961
2-Jun-05,31.671
10-Jun-05,31.492
18-Jun-05,30.307
26-Jun-05,27.511
4-Jul-05,31.165
12-Jul-05,31.269
20-Jul-05,31.397
28-Jul-05,32.059
5-Aug-05,32.319
13-Aug-05,33.118
21-Aug-05,35.841
29-Aug-05,37.125
6-Sep-05,39.818
14-Sep-05,39.689
22-Sep-05,40.43
30-Sep-05,43.058
8-Oct-05,41.051
16-Oct-05,41.394
24-Oct-05,40.91
1-Nov-05,43.537
9-Nov-05,38.194
17-Nov-05,40.551
25-Nov-05,41.659
3-Dec-05,39.283
11-Dec-05,39.041
19-Dec-05,39.379
27-Dec-05,
1-Jan-06,35.352
9-Jan-06,34.54
17-Jan-06,
25-Jan-06,
2-Feb-06,32.914
10-Feb-06,34.72
18-Feb-06,35.304
26-Feb-06,35.381
6-Mar-06,33.626
14-Mar-06,
22-Mar-06,27.756
30-Mar-06,31.616
7-Apr-06,28.516
15-Apr-06,27.931
23-Apr-06,29.147
1-May-06,28.651
9-May-06,28.551
17-May-06,28.894
25-May-06,27.161
2-Jun-06,26.591
10-Jun-06,24.6
18-Jun-06,28.273
26-Jun-06,27.998
4-Jul-06,27.443
12-Jul-06,25.204
20-Jul-06,28.71
28-Jul-06,30.762
5-Aug-06,30.001
13-Aug-06,31.492
21-Aug-06,34.86
29-Aug-06,34.777
6-Sep-06,36.29
14-Sep-06,36.663
22-Sep-06,40.842
30-Sep-06,40.759
8-Oct-06,41.351
16-Oct-06,41.102
24-Oct-06,42.36
1-Nov-06,44.405
9-Nov-06,44.749
17-Nov-06,41.291
25-Nov-06,44.91
3-Dec-06,42.135
11-Dec-06,43.54
19-Dec-06,41.901
27-Dec-06,
1-Jan-07,
9-Jan-07,
17-Jan-07,30.495
25-Jan-07,38.326
2-Feb-07,34.959
10-Feb-07,36.257
18-Feb-07,35.36
26-Feb-07,
6-Mar-07,34.399
14-Mar-07,29.028
22-Mar-07,30.305
30-Mar-07,31.952
7-Apr-07,32.076
15-Apr-07,34.058
23-Apr-07,33.172
1-May-07,34.669
9-May-07,32.197
17-May-07,32.148
25-May-07,31.496
2-Jun-07,29.444
10-Jun-07,27.81
18-Jun-07,24.062
26-Jun-07,25.166
4-Jul-07,27.958
12-Jul-07,27.625
20-Jul-07,29.865
28-Jul-07,31.996
5-Aug-07,32.007
13-Aug-07,33.051
21-Aug-07,33.113
29-Aug-07,36.033
6-Sep-07,38.421
14-Sep-07,38.646
22-Sep-07,39.805
30-Sep-07,40.492
8-Oct-07,38.44
16-Oct-07,39.641
24-Oct-07,43.171
1-Nov-07,39.916
9-Nov-07,41.897
17-Nov-07,39.048
25-Nov-07,45.527
3-Dec-07,41.392
11-Dec-07,38.073
19-Dec-07,
27-Dec-07,
1-Jan-08,33.219
9-Jan-08,33.738
17-Jan-08,34.163
25-Jan-08,38.021
2-Feb-08,40.15
10-Feb-08,
18-Feb-08,29.592
26-Feb-08,32.073
5-Mar-08,33.361
13-Mar-08,31.667
21-Mar-08,33.88
29-Mar-08,32.468
6-Apr-08,34.843
14-Apr-08,32.906
22-Apr-08,34.319
30-Apr-08,32.262
8-May-08,32.922
16-May-08,30.7
24-May-08,30.425
1-Jun-08,29.083
9-Jun-08,30.926
17-Jun-08,27.971
25-Jun-08,30.153
3-Jul-08,28.035
11-Jul-08,31.088
19-Jul-08,28.916
27-Jul-08,31.49
4-Aug-08,31.568
12-Aug-08,30.355
20-Aug-08,34.061
28-Aug-08,37.25
5-Sep-08,38.628
13-Sep-08,40.897
21-Sep-08,38.823
29-Sep-08,44.185
7-Oct-08,42.263
15-Oct-08,44.419
23-Oct-08,43.055
31-Oct-08,43.464
8-Nov-08,39.652
16-Nov-08,43.972
24-Nov-08,42.221
2-Dec-08,39.599
10-Dec-08,39.367
18-Dec-08,
26-Dec-08,34.882
1-Jan-09,
9-Jan-09,34.104
17-Jan-09,
25-Jan-09,31.412
2-Feb-09,29.448
10-Feb-09,32.045
18-Feb-09,33.92
26-Feb-09,32.096
6-Mar-09,34.015
14-Mar-09,34.033
22-Mar-09,34.509
30-Mar-09,34.858
7-Apr-09,33.652
15-Apr-09,32.401
23-Apr-09,32.895
1-May-09,32.615
9-May-09,30.557
17-May-09,30.925
25-May-09,30.7
2-Jun-09,30.653
10-Jun-09,29.799
18-Jun-09,28.882
26-Jun-09,32.199
4-Jul-09,28.284
12-Jul-09,29.59
20-Jul-09,31.288
28-Jul-09,30.156
5-Aug-09,33.555
13-Aug-09,35.159
21-Aug-09,36.327
29-Aug-09,38.567
6-Sep-09,37.837
14-Sep-09,39.805
22-Sep-09,39.764
30-Sep-09,41.075
8-Oct-09,40.942
16-Oct-09,42.997
24-Oct-09,41.73
1-Nov-09,43.942
9-Nov-09,44.118
17-Nov-09,41.801
25-Nov-09,42.616
3-Dec-09,42.747
11-Dec-09,36.601
19-Dec-09,
27-Dec-09,37.062
1-Jan-10,
9-Jan-10,35.238
17-Jan-10,34.454
25-Jan-10,32.773
2-Feb-10,35.142
10-Feb-10,33.836
18-Feb-10,30.337
26-Feb-10,31.084
6-Mar-10,34.817
14-Mar-10,33.844
22-Mar-10,30.903
30-Mar-10,31.257
7-Apr-10,31.914
15-Apr-10,31.36
23-Apr-10,33.491
1-May-10,31.442
9-May-10,30.303
17-May-10,33.494
25-May-10,27.296
2-Jun-10,27.052
10-Jun-10,27.537
18-Jun-10,28.972
26-Jun-10,30.273
4-Jul-10,28.979
12-Jul-10,31.183
20-Jul-10,30.317
28-Jul-10,33.996
5-Aug-10,31.397
13-Aug-10,35.675
21-Aug-10,35.764
29-Aug-10,37.137
6-Sep-10,40.094
14-Sep-10,40.149
22-Sep-10,41.683
30-Sep-10,42.537
8-Oct-10,38.973
16-Oct-10,40.409
24-Oct-10,42.169
1-Nov-10,39.549
9-Nov-10,40.087
17-Nov-10,43.121
25-Nov-10,39.687
3-Dec-10,39.013
11-Dec-10,33.926
19-Dec-10,33.392
27-Dec-10,32.342
1-Jan-11,29.536
9-Jan-11,34.663
17-Jan-11,29.803
25-Jan-11,33.776
2-Feb-11,28.117
10-Feb-11,31.393
18-Feb-11,
26-Feb-11,26.437
6-Mar-11,28.275
14-Mar-11,28.706
22-Mar-11,30.86
30-Mar-11,
7-Apr-11,30.023
15-Apr-11,28.556
23-Apr-11,29.645
1-May-11,31.314
9-May-11,27.231
17-May-11,30.63
25-May-11,26.39
2-Jun-11,28.224
10-Jun-11,22.757
18-Jun-11,27.681
26-Jun-11,26.622
4-Jul-11,27.45
12-Jul-11,29.331
20-Jul-11,27.892
28-Jul-11,29.922
5-Aug-11,31.982
13-Aug-11,31.261
21-Aug-11,33.631
29-Aug-11,34.881
6-Sep-11,34.119
14-Sep-11,34.317
22-Sep-11,38.892
30-Sep-11,38.051
8-Oct-11,38.281
16-Oct-11,35.639
24-Oct-11,38.597
1-Nov-11,37.889
9-Nov-11,40.165
17-Nov-11,37.095
25-Nov-11,37.211
3-Dec-11,35.137
11-Dec-11,38.73
19-Dec-11,30.321
27-Dec-11,36.749
1-Jan-12,35.113
9-Jan-12,36.416
17-Jan-12,37.534
25-Jan-12,31.694
2-Feb-12,35.941
10-Feb-12,37.583
18-Feb-12,36.037
26-Feb-12,31.709
5-Mar-12,31.386
13-Mar-12,
21-Mar-12,32.353
29-Mar-12,33.857
6-Apr-12,32.012
14-Apr-12,31.299
22-Apr-12,29.752
30-Apr-12,30.605
8-May-12,31.103
16-May-12,30.583
24-May-12,26.29
1-Jun-12,27.39
9-Jun-12,28.579
17-Jun-12,27.435
25-Jun-12,27.844
3-Jul-12,26.48
11-Jul-12,30.887
19-Jul-12,29.411
27-Jul-12,29.776
4-Aug-12,31.725
12-Aug-12,33.198
20-Aug-12,36.146
28-Aug-12,37.353
5-Sep-12,38.729
13-Sep-12,40.028
21-Sep-12,41.968
29-Sep-12,40.735
7-Oct-12,42.88
15-Oct-12,43.888
23-Oct-12,43.633
31-Oct-12,43.014
8-Nov-12,46.23
16-Nov-12,43.284
24-Nov-12,45.87
2-Dec-12,42.715
10-Dec-12,41.574
18-Dec-12,38.844
26-Dec-12,40.151
1-Jan-13,42.78
9-Jan-13,41.287
17-Jan-13,31.807
25-Jan-13,37.771
2-Feb-13,38.611
10-Feb-13,37.066
18-Feb-13,36.068
26-Feb-13,32.091
6-Mar-13,31.143
14-Mar-13,36.677
22-Mar-13,32.697
30-Mar-13,32.826
7-Apr-13,32.342
15-Apr-13,34.873
23-Apr-13,32.899
1-May-13,34.037
9-May-13,29.945
17-May-13,30.841
25-May-13,29.275
2-Jun-13,30.991
10-Jun-13,29.726
18-Jun-13,29.364
26-Jun-13,28.757
4-Jul-13,31.095
12-Jul-13,31.407
20-Jul-13,30.361
28-Jul-13,32.001
5-Aug-13,33.543
13-Aug-13,36.226
21-Aug-13,35.275
29-Aug-13,37.283
6-Sep-13,38.654
14-Sep-13,41.223
22-Sep-13,43.006
30-Sep-13,42.688
8-Oct-13,45.295
16-Oct-13,43.017
24-Oct-13,47.032
1-Nov-13,45.139
9-Nov-13,47.392
17-Nov-13,41.817
25-Nov-13,38.742
3-Dec-13,38.389
11-Dec-13,41.029
19-Dec-13,39.907
27-Dec-13,37.529
1-Jan-14,41.282
9-Jan-14,37.869
17-Jan-14,
25-Jan-14,33.443
2-Feb-14,
10-Feb-14,28.628
18-Feb-14,33.864
26-Feb-14,
6-Mar-14,33.482
14-Mar-14,33.899
22-Mar-14,34.449
30-Mar-14,34.481
7-Apr-14,34.207
15-Apr-14,33.11
23-Apr-14,32.666
1-May-14,31.74
9-May-14,33.234
17-May-14,32.835
25-May-14,33.424
2-Jun-14,30.576
10-Jun-14,28.534
18-Jun-14,30.553
26-Jun-14,28.443
4-Jul-14,30.247
12-Jul-14,31.059
20-Jul-14,31.474
28-Jul-14,33.278
5-Aug-14,32.644
13-Aug-14,32.279
21-Aug-14,34.611
29-Aug-14,38.468
6-Sep-14,39.112
14-Sep-14,42.709
22-Sep-14,41.682
30-Sep-14,44.363
8-Oct-14,42.893
16-Oct-14,46.006
24-Oct-14,45.234
1-Nov-14,46.601
9-Nov-14,43.342
17-Nov-14,46.815
25-Nov-14,38.136
3-Dec-14,38.25
11-Dec-14,37.999
19-Dec-14,41.292
27-Dec-14,
1-Jan-15,
9-Jan-15,
17-Jan-15,37.013
25-Jan-15,34.56
2-Feb-15,37.839
10-Feb-15,37.967
18-Feb-15,36.794
26-Feb-15,30.885
6-Mar-15,35.179
14-Mar-15,35.283
22-Mar-15,32.996
30-Mar-15,32.378
7-Apr-15,33.296
15-Apr-15,31.158
23-Apr-15,30.565
1-May-15,31.675
9-May-15,29.667
17-May-15,31.04
25-May-15,30.677
2-Jun-15,29.86
10-Jun-15,30.153
18-Jun-15,28.939
26-Jun-15,28.767
4-Jul-15,29.65
12-Jul-15,27.065
20-Jul-15,31.659
28-Jul-15,31.529
5-Aug-15,31.829
13-Aug-15,32.405
21-Aug-15,34.854
29-Aug-15,37.054
6-Sep-15,37.635
14-Sep-15,39.912
22-Sep-15,38.52
30-Sep-15,41.239
8-Oct-15,42.12
16-Oct-15,45.247
24-Oct-15,44.127
1-Nov-15,43.931
9-Nov-15,44.416
17-Nov-15,47.312
25-Nov-15,47.314
3-Dec-15,42.507
11-Dec-15,42.488
19-Dec-15,
27-Dec-15,37.326
1-Jan-16,38.599
9-Jan-16,38.287
17-Jan-16,35.177
25-Jan-16,
2-Feb-16,34.483
10-Feb-16,35.957
18-Feb-16,30.326
26-Feb-16,35.505
5-Mar-16,35.052
13-Mar-16,33.209
21-Mar-16,34.263
29-Mar-16,34.887
6-Apr-16,33.832
14-Apr-16,35.6
22-Apr-16,35.068
30-Apr-16,34.77
8-May-16,31.222
16-May-16,33.974
24-May-16,33.446
1-Jun-16,32.896
9-Jun-16,30.108
17-Jun-16,30.697
25-Jun-16,30.445
3-Jul-16,30.899
11-Jul-16,28.514
19-Jul-16,32.899
27-Jul-16,32.292
4-Aug-16,32.07
12-Aug-16,35.673
20-Aug-16,35.617
28-Aug-16,36.738
5-Sep-16,38.526
13-Sep-16,37.874
21-Sep-16,36.508
29-Sep-16,39.103
7-Oct-16,41.425
15-Oct-16,42.848
23-Oct-16,42.766
31-Oct-16,43.426
8-Nov-16,42.831
16-Nov-16,41.736
24-Nov-16,40.808
2-Dec-16,40.236
10-Dec-16,43.727
18-Dec-16,
26-Dec-16,
1-Jan-17,
9-Jan-17,30.923
17-Jan-17,31.883
25-Jan-17,32.909
2-Feb-17,
10-Feb-17,30.763
18-Feb-17,31.62
26-Feb-17,34.765
6-Mar-17,30.57
14-Mar-17,31.967
22-Mar-17,31.434
30-Mar-17,32.105
7-Apr-17,30.011
15-Apr-17,32.856
23-Apr-17,29.726
1-May-17,32.522
9-May-17,30.747
17-May-17,31.503
25-May-17,30.888
2-Jun-17,27.621
10-Jun-17,27.996
18-Jun-17,29.773
26-Jun-17,28.018
4-Jul-17,31.157
12-Jul-17,30.25
20-Jul-17,29.977
28-Jul-17,30.432
5-Aug-17,33.768
13-Aug-17,35.066
21-Aug-17,35.837
29-Aug-17,34.075
6-Sep-17,38.368
14-Sep-17,38.117
22-Sep-17,40.785
30-Sep-17,39.735
8-Oct-17,41.826
16-Oct-17,43.419
24-Oct-17,44.694
1-Nov-17,44.451
9-Nov-17,45.649
17-Nov-17,39.583
25-Nov-17,36.78
3-Dec-17,37.818
11-Dec-17,38.039
19-Dec-17,35.181
27-Dec-17,38.758
1-Jan-18,35.047
9-Jan-18,36.427
17-Jan-18,
25-Jan-18,29.586
2-Feb-18,31.091
10-Feb-18,29.866
18-Feb-18,31.559
26-Feb-18,31.981
6-Mar-18,29.582
14-Mar-18,32.197
22-Mar-18,34.419
30-Mar-18,34.673
7-Apr-18,34.063
15-Apr-18,34.077
23-Apr-18,31.795
1-May-18,33.373
9-May-18,30.247
17-May-18,28.918
25-May-18,31.169
2-Jun-18,29.813
10-Jun-18,30.479
18-Jun-18,28.458
26-Jun-18,30.636
4-Jul-18,29.762
12-Jul-18,30.488
20-Jul-18,31.576
28-Jul-18,32.37
5-Aug-18,33.777
13-Aug-18,33.031
21-Aug-18,33.424
29-Aug-18,36.571
6-Sep-18,38.753
14-Sep-18,39.254
22-Sep-18,41.117
30-Sep-18,41.391
8-Oct-18,42.256
16-Oct-18,42.148
24-Oct-18,45.791
1-Nov-18,42.363
9-Nov-18,42.154
17-Nov-18,39.522
25-Nov-18,40.427
3-Dec-18,39.048
11-Dec-18,35.659
19-Dec-18,37.073
27-Dec-18,37.841
1-Jan-19,38.145
9-Jan-19,32.638
17-Jan-19,33.026
25-Jan-19,32.693
2-Feb-19,33.019
10-Feb-19,31.889
18-Feb-19,33.817
26-Feb-19,35.394
6-Mar-19,36.197
14-Mar-19,30.473
22-Mar-19,32.309
30-Mar-19,32.398
7-Apr-19,31.401
15-Apr-19,33.218
23-Apr-19,34.214
1-May-19,30.987
9-May-19,31.675
17-May-19,32.842
25-May-19,30.998
2-Jun-19,26.88
10-Jun-19,32.651
18-Jun-19,28.451
26-Jun-19,31.052
4-Jul-19,31.523
12-Jul-19,30.117
20-Jul-19,32.438
28-Jul-19,33.34
5-Aug-19,34.281
13-Aug-19,34.675
21-Aug-19,34.006
29-Aug-19,37.466
6-Sep-19,37.491
14-Sep-19,38.488
22-Sep-19,40.538
30-Sep-19,43.756
8-Oct-19,42.396
16-Oct-19,46.881
24-Oct-19,43.64
1-Nov-19,46.489
9-Nov-19,47.717
17-Nov-19,48.801
25-Nov-19,43.54
3-Dec-19,47.645
11-Dec-19,48.583
19-Dec-19,44.09
27-Dec-19,42.7
1-Jan-20,43.779
9-Jan-20,39.845
17-Jan-20,40.608
25-Jan-20,34.099
2-Feb-20,33.762
10-Feb-20,35.529
18-Feb-20,33.803
26-Feb-20,29.836
5-Mar-20,33.557
13-Mar-20,36.555
21-Mar-20,34.597
29-Mar-20,35.701
6-Apr-20,29.997
14-Apr-20,34.669
22-Apr-20,35.53
30-Apr-20,33.26
8-May-20,33.554
16-May-20,33.525
24-May-20,29.636
1-Jun-20,31.806
9-Jun-20,32.702
17-Jun-20,31.492
25-Jun-20,31.454
3-Jul-20,31.463
11-Jul-20,31.605
19-Jul-20,32.174
27-Jul-20,31.509
4-Aug-20,33.775
12-Aug-20,36.621
20-Aug-20,38.108
28-Aug-20,38.113
5-Sep-20,40.885
13-Sep-20,40.849
21-Sep-20,41.343
29-Sep-20,42.937
7-Oct-20,43.354
15-Oct-20,44.362
23-Oct-20,43.231
31-Oct-20,46.323
8-Nov-20,45.485
16-Nov-20,40.816
24-Nov-20,46.055
2-Dec-20,41.854
10-Dec-20,36.631
18-Dec-20,33.214
26-Dec-20,
1-Jan-21,35.23
9-Jan-21,35.019
17-Jan-21,31.583
25-Jan-21,32.044
2-Feb-21,34.297
10-Feb-21,
18-Feb-21,27.878
26-Feb-21,30.379
6-Mar-21,29.478
14-Mar-21,27.934
22-Mar-21,29.414
30-Mar-21,35.689
7-Apr-21,34.43
15-Apr-21,32.41
23-Apr-21,31.117
1-May-21,32.823
9-May-21,31.31
17-May-21,30.386
25-May-21,28.995
2-Jun-21,28.52
10-Jun-21,27.99
18-Jun-21,29.375
26-Jun-21,28.355
4-Jul-21,28.293
12-Jul-21,30.597
20-Jul-21,30.38
28-Jul-21,33.009
5-Aug-21,31.686
13-Aug-21,34.766
21-Aug-21,35.123
29-Aug-21,35.244
6-Sep-21,35.875
14-Sep-21,40.129
22-Sep-21,39.942
30-Sep-21,41.148
8-Oct-21,41.034
16-Oct-21,41.923
24-Oct-21,42.083
1-Nov-21,37.626
9-Nov-21,38.675
17-Nov-21,44.291
25-Nov-21,44.336
3-Dec-21,37.734
11-Dec-21,42.422
19-Dec-21,36.047
27-Dec-21,32.055
1-Jan-22,36.438
9-Jan-22,34.136
17-Jan-22,26.873
25-Jan-22,
2-Feb-22,
10-Feb-22,33.438
18-Feb-22,32.388
26-Feb-22,33.801
6-Mar-22,33.814
14-Mar-22,35.528
22-Mar-22,34.604
30-Mar-22,36.723
7-Apr-22,35.558
15-Apr-22,34.521
23-Apr-22,35.109
1-May-22,34.124
9-May-22,34.805
17-May-22,34.018
25-May-22,32.01
2-Jun-22,31.872
10-Jun-22,29.478
18-Jun-22,30.218
26-Jun-22,16.566
4-Jul-22,25.042
12-Jul-22,26.43
20-Jul-22,30.536
28-Jul-22,31.14
5-Aug-22,33.805
13-Aug-22,33.189
21-Aug-22,33.783
29-Aug-22,35.344
6-Sep-22,40.355
14-Sep-22,40.354
22-Sep-22,41.616
30-Sep-22,41.595
8-Oct-22,36.953
16-Oct-22,
24-Oct-22,37.348
1-Nov-22,41.399
9-Nov-22,40.315
